"page","charset","bytes","chars","images","intlinks","extlinks","httpres","canonical","robots","title"
"access.html","Shift_JIS","15016","1626","18","24","1","1","no","","アクセス - Teaching Beauty鍼灸マッサージ整骨院"
"beauty.html","UTF-8","42162","7483","8","18","3","0","no","","桜新町徒歩1分｜交通事故、むちうち治療は無料で治療できます。"
"concept.html","Shift_JIS","29809","8931","4","18","1","0","no","","当院について - Teaching Beauty鍼灸マッサージ整骨院"
"esthetichtml.html","UTF-8","23648","3615","10","27","1","0","no","","桜新町徒歩1分 エステティックサロン - Teaching Beauty鍼灸マッサージ整骨院"
"funin aen.html","UTF-8","17621","2585","2","18","2","0","no","","不妊症には亜鉛が効く-ＴｅａｃｈｉｎｇＢｅａｕｔｙ鍼灸整骨院"
"funin.html","UTF-8","17621","2585","2","18","2","0","no","","不妊症には亜鉛が効く-ＴｅａｃｈｉｎｇＢｅａｕｔｙ鍼灸整骨院"
"hari.html","Shift_JIS","9387","1451","3","18","1","0","no","","鍼灸治療 桜新町徒歩1分- Teaching Beauty鍼灸マッサージ整骨院"
"incho.html","Shift_JIS","12553","2298","6","18","1","0","no","","院長紹介 - Teaching Beauty鍼灸マッサージ整骨院"
"index.html","UTF-8","23892","2704","17","25","4","3","no","","鍼灸｜桜新町のTeaching Beauty鍼灸整骨院・整体院｜メディアで話題"
"kafun.html","Shift_JIS","13963","3127","4","17","2","1","no","","花粉症治療 - Teaching Beauty鍼灸整骨院"
"kairopura.html","Shift_JIS","8991","1412","2","18","1","0","no","","カイロプラクティック 桜新町徒歩1分- Teaching Beauty鍼灸マッサージ整骨院"
"kanja.html","UTF-8","39394","7924","36","19","1","0","no","","患者様の声- Teaching Beauty鍼灸マッサージ整骨院"
"kokushi.html","UTF-8","49176","10220","20","19","4","0","no","","3年連続生徒合格率100％｜現役講師による鍼灸柔整国家試験予備校"
"kyuu.html","Shift_JIS","8196","998","2","18","1","0","no","","灸治療 お灸で病気を予防する - Teaching Beauty鍼灸マッサージ整骨院"
"kyuujin.html","UTF-8","31419","5398","1","21","1","0","no","","登録販売員 求人募集 桜新町徒歩1分"
"Meniere.html","UTF-8","43321","9636","4","28","1","0","no","","メニエール病だからと諦めていませんか？鍼灸により変化します！！"
"menu.html","UTF-8","82594","15111","30","57","9","0","no","","治療内容- Teaching Beauty鍼灸マッサージ整骨院"
"miminari.html","UTF-8","39052","8934","3","23","1","0","YES","","耳鳴りが治らない方へ｜耳鳴り・難聴専門の鍼灸院｜世田谷・桜新町 Teaching Beauty｜無料相談"
"muryou.html","Shift_JIS","9913","1430","2","18","1","0","no","","無料相談 - Teaching Beauty鍼灸マッサージ整骨院"
"newpage10.html","Shift_JIS","111227","31131","18","17","4","0","no","","3年連続生徒合格率100％｜気現役講師による鍼灸柔整国家試験予備校"
"newpage13.html","UTF-8","114340","24795","26","29","0","0","no","","突発性難聴専門鍼灸院｜当院の院長はNHKに3年連続レギュラー出演"
"newpage14.html","UTF-8","63053","15744","8","19","1","1","no","index, follow","前置胎盤の患者様の声 | Teaching Beauty鍼灸マッサージ整骨院"
"newpage17.html","UTF-8","32838","6221","8","19","1","0","no","","10歳若返えりたくありませんか？ハリウッド逆輸入のハリウッド美容鍼"
"newpage22.html","UTF-8","28254","5306","4","19","1","0","no","","2018年現在216名妊娠 妊娠率68％｜多嚢胞性卵巣症候群でも妊娠できます。"
"newpage23.html","UTF-8","46688","9551","6","26","1","0","no","","急性低音障害型感音難聴専門院｜当院の院長はNHKに3年連続レギュラー出演"
"newpage24.html","UTF-8","20877","3626","7","26","1","0","no","","難聴専門鍼灸院｜当院の院長はNHKに3年連続レギュラー出演"
"newpage25.html","UTF-8","18430","2897","1","22","3","0","no","","不妊治療専門鍼灸院｜当院の院長はNHKに3年連続レギュラー出演"
"newpage27.html","UTF-8","55362","12645","5","18","0","0","no","","耳管開放症専門鍼灸院｜当院の院長はNHKに3年連続レギュラー出演"
"newpage4.html","UTF-8","40423","9911","4","21","3","0","no","","ＮＨＫ出演の不妊症専門鍼灸院｜妊娠率68％｜鍼灸でポカポカ子宮を！"
"newpage5.html","Shift_JIS","25963","7211","3","19","2","0","no","","過敏性腸症候群、潰瘍性大腸炎、クローン病は鍼灸で改善される。TeachinｇBeauty鍼灸整骨院"
"newpage7.html","Shift_JIS","13484","2916","4","17","2","0","no","","花粉症治療（食事編）- Teaching Beauty鍼灸整骨院"
"news.html","Shift_JIS","9747","1159","2","18","1","0","no","","割引- Teaching Beauty鍼灸マッサージ整骨院"
"nhk.html","Shift_JIS","28324","3650","13","18","2","1","no","","NHKにレギュラー出演している鍼灸院-TeachingBeauty鍼灸マッサージ整骨院"
"privacy.html","Shift_JIS","10357","1432","1","18","15","3","no","","プライポリシー"
"reserve.html","Shift_JIS","9572","1358","1","17","2","0","no","","ご予約 - Teaching Beauty鍼灸マッサージ整骨院"
"sakago.html","Shift_JIS","10781","1899","2","18","1","0","no","","逆子治療は鍼灸が効く- Teaching Beauty鍼灸マッサージ整骨院"
"seitai.html","Shift_JIS","12870","2787","2","18","1","0","no","","整体院 桜新町徒歩1分 - Teaching Beauty鍼灸整骨院"
"sinkyu.html","Shift_JIS","16629","2784","10","41","1","0","no","","治療の流れ - Teaching Beauty鍼灸マッサージ整骨院"
"sp/index.html","UTF-8","21477","2473","16","20","2","11","no","","桜新町の鍼灸院 | NHK出演の鍼灸院。桜新町駅徒歩１分"
"taiban.html","UTF-8","38815","7686","9","20","1","1","YES","","駅歩1分前置胎盤・低置胎盤専門の鍼灸院｜胎盤は鍼灸で改善"
"tsuwari.html","Shift_JIS","9932","1760","2","18","1","0","no","","つわりは鍼灸治療で簡単に治まる- Teaching Beauty鍼灸マッサージ整骨院"
