"path","bytes","sha256"
"0003.jpg","32525","79B6056803C977387B559B5FB58D4C8AA32F3920C1A3DF281EDD6B94D9631974"
"00985F62-54FA-48C2-AC4C-0CB7A24DF9B8.jpg","22934","744BF9461281625C0EDD53C84407D739AFE8530B9FC64CFC438F6326255B9568"
"02433B06-9E70-4592-B8C2-BB4873AB2BE41.png","220314","319FF7A9BAF1860DA9AF35893DD101E8F9721268752BE222AB507DD08944B5FF"
"02811560-FD7C-4257-A06C-18BBFF673401.jpg","12952","8B645FD704B82CD5AA13A33E79C291B2998025FD1DB32270DAB5C7F9777AAACA"
"046C2931-7B29-41BD-9DD4-A0574FB104D711.jpg","20919","39126601947237BEE70FE467B02B804F9F347051FE7C3D56E10B246FE5D72F06"
"055911.jpg","18900","46E3265DB859996A28453587722BA7D072531E9E89FC7BD6B814A9529619D642"
"0704C75F-8ED2-4C5E-9B0E-44CDC6734BF611.jpg","11260","18F26CCBC4449E8888586DAEBDA1AC6909A0A6C81B2514EFFC50F67351E6213E"
"07751.jpg","14506","816D12F3C5EF626B4CEDF33CBD3CA1E9A229B5698A3C6843B178C2CE8127CE6E"
"0789.png","83130","769C82B0ED228787970224EE23DCC842D59BB66E4D1B46937E0EC952225D4007"
"095011.jpg","9508","7B74BCE16EA0C4393498362D49ED0305431F63443EE569AB346E67A4997A604E"
"098711.jpg","17121","DFE27C2CBC99AA98670E477C0F99DB433EA980F3B2B673A715F55AE5FD3FE002"
"0C9974F4-45CC-4CD0-AE9D-DC80B1666B31.jpg","13443","6B1E3A6954184DABDE35498ADACDDF86434DBD37967ED07D0B19FB55D5CDBE2E"
"1.jpg","12274","2B53135AA92B80F1CC8F5AD90418B660A35B9E13CC0A94B66791F047A36F22FC"
"1.png","54375","87BABB73EE927F9F4B288150482137AE05C7C5FD26FC1B9DE2E0E3B558B69BB5"
"11.png","45054","AB2AF16A8BAEB5225767B05755C3B6B13069204446B0C19C1A0161536A6929EE"
"111.png","240913","985D075ECA2552D00F107D77CBD91A29551F3D5F33770CF6712D083E3C72C26D"
"111111.png","368656","3154099C8382BDFEE48D638AC58BFFD64CC9460D0E03AA007C07E3B67882A666"
"111611.jpg","20077","3F462F6FBBEF0EBEE01E17821F979D468B8F1A78CBE7756C818081EB58402C52"
"1116111.jpg","23474","31D6C070E77EE6A6B9AE27B75AEEFFDD507A8C4674424893BF86E16FBB9900D0"
"11161111.jpg","16817","6BD4C5DBB5443F6B70E975BAAD8961A0717F0C514D922D018D9E49396D6AF57B"
"11161112.jpg","14233","60FDF2D25240682A63A3A55DC62402C7DE12FF2E27C0A6B519734324F0308D51"
"1117111.jpg","15404","B3595FA3F89F7DB8A0298BB9961A5CA627CF7ED380E376935748FBB92B76AE36"
"11171111.jpg","15152","F03A4E97BA136BF0FDCD613E6413F7A7356B763E5F8C704678AFFA6F04144937"
"111711111.jpg","19862","1E86562341A0718D383DC25B85F830AC07F2CF4E23F3A8E7C803B359EB463234"
"111711112.jpg","16250","57017BCFB036E74DFF08579B1040A928199288907B2F7219374A7C1D9B2B48ED"
"11231.png","137220","D39F9B294408C6ED79E16E0C73D73840ECAECC416AB327D59B5A6D6D23D28118"
"1211.png","266844","78CA5A2E748D422E1FC5313A47B37D47FD40D8B323DEC5BE0A5707691B16B7BE"
"12121.png","49042","2AC2A8E0EBD911E37E5400E403CBFB14A4E84D87DF7E113DE6954748201C32FC"
"1456311.png","81619","FF1FA3CD17F0A9ECC1F402380EE724187937EFAB3A78BCA8F7FA40C6694B71C2"
"14563211.png","83130","769C82B0ED228787970224EE23DCC842D59BB66E4D1B46937E0EC952225D4007"
"1456331.png","81619","FF1FA3CD17F0A9ECC1F402380EE724187937EFAB3A78BCA8F7FA40C6694B71C2"
"1541.png","189117","E72BF27FF9B737BFAB7E7A3B84F82C3AB196A5F8D3A6F363E1CFED85B2A4F052"
"1551.png","194086","E0AFB8C966E1D641B24C6032BA016DC544DCC88E9AA6983AEA11530A0998EE3E"
"16891.jpg","15104","D1C9FA8833416CEB9FD64DC960A3A78F5FB6B2B11CB244A4DCDEA0372DA0E6D6"
"20479E39-61BF-4C3E-B597-B20FE2563EDE1.jpg","10014","8B893712A2859CF6922E3E351658DCD304F72E19B84B87D3C2C9F3400172E5D8"
"49011.jpg","12672","9146E7C05BF38585DD6C3A2BF7CD5642FD05A543D4CCF16D669ACADAF16D1BF9"
"5292C538-43B5-4491-A671-FD46BB8C93C91.jpg","10604","71B37BAF0A1D642CEB0758307145C72B63E2B43490A4A0175A2AF08FCBFF7101"
"605211.jpg","17428","1D640739DD926706AD0DA295BC5BF5C74CED0311A877DD84B910C36459BFCC26"
"65801.jpg","9785","9960DE6C6E568C65AE3EA88BAEE51BAC9DA9C419D709D6B3E9FD78FDD09D1994"
"697411.jpg","11107","140F54062A48A1819D9EC9FE8D5BBF94D4F6C1E54F9DE807185FA952A291DDF0"
"70095452-F260-47BB-B263-74194688595A11.jpg","12658","FFD29EF5E7EFD955DC089E9C10D6341F65665C8AD52ABAC3AD18E2DFCCAB85DA"
"7282 (2)1.jpg","19495","5ABBC08B3D1671F2CA00CEE4E24E35BE0D09A0BD2298AC1F0CE8C53547683B9E"
"7413345D-7979-4441-9AEE-1D85DD806147.jpg","16189","B43AEFD19ACA5F317E43EA88E4AEE7126083E8C407A39BEFD2F11BA6E6A122A9"
"7413345D-7979-4441-9AEE-1D85DD8061471.jpg","19921","A53A32553FAB6E2A3116BAF7130A31E141FA67588602A9F6A68F417414B34D96"
"77101.jpg","16433","B4CC222269CAB84F8634A3257118464A1DA3DA6EDB6332CBD3660E0207B4C236"
"79361.jpg","9170","A3F4B3C1DC9ACE13B4B9FA9F4DD03FB6DD8A08B66B8C8D56AB690B7DB7650173"
"84231.jpg","17184","A0BA64668111645A716BFF53C99D8DE0D8609610AAB3A446F19A7F4201E46431"
"8989.png","5205","F2DE4B14346333A9BE1A6AAA04AD50997D74A2D296A983F6E57C582196FF5FE2"
"92721.jpg","13999","B09365B4765790FFA0CA9966BF4D449A3FD58F632CFDB9082311EEBA714736B2"
"954E5BBA-6D81-4EFE-82BD-879FEE50E063.jpg","20910","D586706FCC7850FEE8E87959565BFCFF06125233F32AC9E2914C6990A2919D0B"
"987111.jpg","13184","0E67F917D8F95F6CF4D3458D35F284E6B12784999F9706B714E3AFB97471DF60"
"99761.jpg","14907","1654DBA6B42C777545C3C50DE8A49386739C8BA712C2CC9927C426085E680B68"
"9E27DAAD-18E4-4A51-9DC1-B1FCD39609C31.jpg","21412","A2C5F72A4E36585AD61A421153FE6EDA8527E78BBCA94B6EE2E3C9FBAFEB2826"
"access.html","15016","E2EA1C6A39C33CDA00D86582A200F79FB7348E000CEB2AC3295B41A9A53F646B"
"af9920045479.jpg","15311","1937D296EC618C2F0ABBE9D2CC0B03CD89835FF163F3C9B334523FCA8DA0C256"
"akiyama hiroshi.jpg","72311","87A59B0FAF413A267F78E8289A23116C1C64C1D08C60E248374CCD24B552CC72"
"B07C38A4-A135-48D5-86B5-A5C163EAD9BE.jpg","14360","67B09F647015BFE0DE44C99B880A738A9BD7D128898F8EFBE8D4B895A53E6B3D"
"B4F3B6E8-FA75-4CD5-82EF-486D2C16BA0A.jpg","15152","F03A4E97BA136BF0FDCD613E6413F7A7356B763E5F8C704678AFFA6F04144937"
"b64c8e594deb89c615eed93961e03b78.jpg","21159","62720732BD8E00CF67E2F555F3FCB6C8B14A5A43393CE2E959518D6B75F4CB00"
"banner_5H_031.jpg","3421","0A7C306FD53A3B9D34251E19DD82CE0C7678865FFFB635C03D2DD877219A4991"
"banner_5H_0311.jpg","5515","675213996CAA886FB7D1CB2DDA5BF41DA423C1F0CC3FABAAE42D2531141747E0"
"banner_5H_211.jpg","4464","74F0ECA62A620E8AFF694B4B8903A35D634BF456CF645A25F788D7E5637C11E7"
"banner_5H_211115.jpg","4684","787281BF05163B167587A81B6ED8CC35A90E937077CF21B38C3A97E1EF567955"
"banner_5H_kanjasama1.gif","9009","393F037E7950E156F0ADC5889182396D44695A0F02DC94F9A0372379A43BF7EE"
"beauty.html","42162","EED54259A2D1B1C903696051588C4A6407718607E865E65D2FDF4127161E6DBA"
"CA3J077221.jpg","10491","F68F6A0A272499031358CCE0F981C5C9AEB4723B0FAB0E368158E73F4160D818"
"CA3J07881.jpg","12553","47EC0DB5AD391415B4CE38AAC74DD2002092C27251B68958169CB1D72B22F42D"
"CA3J0793111.jpg","14792","8148867B572B64ABB477604E538A4642C42F4C7E7186E3DC30E609AB2C4B4909"
"CA3J0794.JPG","1840172","084662DC864B0EC4356C5D5E2696C3CAF84A7A81CFEFB2C89A1E9C29A2406C1C"
"CA3J0794111.jpg","12950","D8E71DE7118EECF3469C204B02D2F5BB52B3509633A4062E0D0F86014D449EE9"
"CA3J07942112112111112113111111112111112111111111111111111111111111111111111111.jpg","37422","F825CAF306BBD38B98E30270CB25774578A6C79DCAC40DD64D31C2A9BB48D714"
"CA3J0794311.jpg","12973","4DA07095FCEA4B384855FF3CD683A3D1881C41F45794B87B071EDF62E4B487F4"
"CA3J079521.jpg","10686","6CC2115DBD6F484B421BDD27D740483DA786E52460D23C872CFA942FF9AE9FEC"
"CA3J079911.jpg","11866","4BD34BCDB62F48593E41178ACDDE72E0DE6D98B951A7CB723541F7037A45C8CF"
"CA3J080511.jpg","7832","E2184387D948611D88D94452BDEC906380C703122117DDB4047FA4C694708DD3"
"CA3J080611.jpg","7825","66892738A62F56506BC3CA0A3273D752E70863DD8BEC75AA4A1E7B03BDAEC082"
"CA3J081311.jpg","10568","A9E992AEACE8B4E0BAAB85C0533C52546D2012723F0BBD7DAED74CC2410981F0"
"CA3J081911.jpg","9679","2E9AC8BD2DEA245C5C00A2C462734881053759690CDB661CA0E36AC38205C096"
"CA3J08251.jpg","9438","69E8FB49498101CB39DD819FAF886B878AA123432B92FCFC7BE0E7CBFCE42945"
"CA3J0836111.jpg","7191","C36AE203F01E862E36B5B2F59CB7727EEB04A4273AD930846EFE557E13BD56A1"
"CA3J083821.jpg","30191","8473C2C71BE99B39CB39F988F53F2F0409932E2C045013033D479E219CC5B7F3"
"CA3J085611.jpg","17001","638FE8F32B855C1F243B99BA8DDD46448E7B8CBC34C4D769F022A2453CE90E8F"
"CA3J0856111.jpg","67194","A3097ABA826DF8CEBE1195B0516FB4BF4A923A9C7B44DA97E09EA226C38F193D"
"CA3J08561111.jpg","28651","862F6127662905C9A948B03F7293E14376C9234B9082ADDBCA216E1429BC9331"
"CA3J08561111311.jpg","12368","9DEC00DF6C2830A01D1190C8E5AE2946FF597352061150C1A1A6230654BE7D5A"
"CA3J08561111312111.jpg","6608","67F2BDA9AB4E5E132307BA9BF6C0C551524B270868A42FEE677FEEE9DFE13322"
"CA3J085612.jpg","17285","C659429828F438EF8B56E8611C59252C3FD9DB4B8592C1E82278749B110ACF87"
"CA3J085631.jpg","12356","59FFF8FCFB79014D50511198D18EC7A2E7534257244CD77826FC85CF1F0FBEBD"
"clip_image002.png","167","94549DD3B709CD3CFA3A5B6D0C3EB8AD6677186F6385B42E641F56BBCA078362"
"concept-img11.jpg","9503","D87D529E9C79422B02218B8AF7A9D5F29081C0573291E7E9DAE0C58C78D9A063"
"concept-img3.jpg","11644","9BD02F51011EBAD61F94161B05C7FC394B3F7249E78550AC8D2C7FCCAC3E27A0"
"concept-img311.jpg","95803","ACACFA7BAA372402AD94D663FE99909638A574073E91F828C3E5BB24C12AD584"
"concept-img3111.jpg","38827","188FB34AF2B8D8ECEB9B0364B0CFBD1AD29BFDA7E42AEB1752475281795B14A8"
"concept-img311111111.jpg","13712","3E7BBC1B12EC077F3FEDE385AD14CA25162AEB799F72802A0F0440941AF9986D"
"concept-img3112.jpg","85058","57F0D61DCC9F4C80D718E5AB21F4F2ABFB137A524A357F723856FE23FE5518BA"
"concept-img321111.jpg","18139","F0F285827D38AF789D53096C773A851B26F11E7BEB59C29F3BEA8AD553F22225"
"concept-img3221111.jpg","14624","BDE0A743207A4B6BDE35F550F8E271C27985691847978D8BD03FC04CF650DC60"
"concept-img3221112.jpg","19572","74B6DDC36DA751287D9ACBAFFD304A0116C5433E793DB4A83B620304DD1322E9"
"concept-img3221121.jpg","41847","A770F114933F3348DE5C8EB3E50D11D5AC019B60FB3F02E7BA350402251148DD"
"concept-img32211211.jpg","37668","B5B3796A296FED570E048C61031A7407C73824CC7CAE35BD3FBA8B30F193EB3D"
"concept-img323.jpg","15747","EC6FACB75AC489B5C8D8CD1B9AB5016885E2040F7940B04AA12740865DD5BDEE"
"concept.html","29809","035AA337BDEB653252894FE725C5A5E02963062971D7064297F291B288EA00F5"
"container_5H_2c_top.css","4513","D876F8C3C98CE86B6A8B33C37F322D1BA13C44762B7FA6591B72F3FE94C885AD"
"DA8A03B2-E085-452B-9BA0-A198B391B961.png","30721","5FF2D66A2306CBB346810967B6DB5CC05EF0FB231752F79640F090D2C7928E02"
"DSC00172.jpg","20836","1F1EF07141D821C8F8BAE06C0B8B20CCE829575EA12F598691B6153C3DCF7B61"
"E6D1AFB8-FE4A-4502-9AFD-B1704882D9C311.jpg","20427","4E7B8C8832C76CA6BD0D1BD899A8681566C7B6D675D88FC341CD7A9B3BD2ED81"
"EA965EE3-E889-4845-BF31-B34F8118BB98.jpg","20635","E6763F30DFCEF4EB0AB318DC40E6F1F8208A630283DA8C5265E89AE9D9B9AF0D"
"esthetichtml.html","23648","F59D5BBFE0D5291D0DD6F2C5643A773DB3B67036A79161AFE4BE84EE56C2B23F"
"fukusima.jpg","376274","DB8147DB90A282FB421A5B1F40B51387C655647C47345E2954AD00D9699DEB73"
"funin aen.html","17621","1D1518441D550FE56011D9C475EA894313A39C863D265C4DCD098F03FE3A0BF7"
"funin.html","17621","1D1518441D550FE56011D9C475EA894313A39C863D265C4DCD098F03FE3A0BF7"
"hari.html","9387","37573DCEF9CDE4456F383EFF40EF9A61FE4BDC65E640A1731518484F53754536"
"hpbmapscript11.js","880","FDFB243AFC1783BF7BF2CED0EFF60FA03F1FE5FD8A8B4558FED53833F8A44E05"
"hpbparts.css","17071","CB8BCB88DB1A08F350EE4A4999D3ACF1F35CD1DF04259FB749BBC0A371CF538D"
"hyoujyoukin21.jpg","30862","36BA2A7BD463E0BE92D48933B7A598B898617B37829885A60D425D2DFF608B91"
"IBSDATE.png","59791","7F1091EFC0434B83366D4AE715F5F9FCBF82A5B1B18202509A7F1678A6D670F9"
"imai1.jpg","67575","A48D20708EBFF0D2CADD87C668B682F7E6D26EDD571A7807E372EB6350931529"
"IMG_0002.jpg","11801","2402FE9CCC1A8E6765AD0DED2E47B0AE8C819D6DE7F4594870852A27B0111C94"
"IMG_0215.png","230283","FFC59D06ECAB315AE6DB6A8B91BEC5FD107D5C4EB4A17D59562FDDE3C4463DA2"
"IMG_0216.png","146166","1DCB7C2B313BB497C08B421F484C6927E2D216B20E41AA878B77AD67C7EEA293"
"IMG_02871111.jpg","16260","40B3D3DC3833C2ABAC1EBF32B87F9C6275A428B2E68CEF1A8D725C4E1811618E"
"IMG_028711111.jpg","13941","3951ACB6F20AC87AFDBBEF57E697258F5B1E56ECC6D9B466B8504FEC5442CD60"
"IMG_0393.png","226659","B32F338F075DDC6FF3BD309FC8395CBA5AEED44943F8CCE41CC00C0F4A12B0F9"
"IMG_0444.png","157251","64CE0AF2ABC4B3EDF393C1FB447B2E808DEF87FCFA6BFE347A6702DD6F32F6E0"
"IMG_0716.jpg","289020","263F6FB273D8C2F24187EA5FF2121C6A9287F0F32A7134A2C04DE912D1FE0FF6"
"IMG_098811.jpg","18505","171838061BB7B4E462DB5213AF62C1EE86CC901E2A0D658869EA11030A580E37"
"IMG_0988211.jpg","18232","BBCBBE99C65F1FB15B016BF2AB14CA4812C9423483F536048B90692A6C8F549F"
"IMG_1023.jpg","20534","19A672E53BD6EFA799E3CEF1A5B5BDE725C7151C3DA7F288ED36DC78623DCF41"
"IMG_10231.jpg","24954","37CFA0E38F7A50BF32CB3B456939D35C8EF444E6F73D4D49BDE97AAEBFE25270"
"IMG_102321.jpg","18951","AB9ABC4823BE2C1268069A93BE7434E35AE287728AA1704B26200D8540FF5776"
"IMG_1023221.jpg","19639","246C5593228270FBFC7F2FCBA75D114868C2BC81A632F7AE2F81B63C740D971D"
"IMG_1724111.jpg","9004","FF6D68C40B80BA9E409BED48331902E266FC88B261417CCCBDBE328997189990"
"IMG_1724121.jpg","17050","0DB666FF2A6AF448B1A99936A3066BFEDF78DA5E8DE18C07C2D8871859D09C76"
"IMG_20131205_0002.jpg","9393","6A3A63441088D533A215D3BAB50C94DC570EA288F840BD226B5C2A702AD8491B"
"IMG_20141206_00011.jpg","83902","ADF9445685EC3F09929CACCE7A98008E0760FDD3A0A55B8FF4031877572F105D"
"IMG_20190430_0007.jpg","16607","220E46C20225C70D91EDFBB73ACD031A9661E4AA74F8FA883D033971238ADBDC"
"IMG_20190430_0008.jpg","15693","8D5E77A2BE093707CEF9CCFD2DC6BE5718233218C26C010AA4EB2E896395041B"
"IMG_20190805_0004.jpg","16077","A46785AB8936FF82A8A2C5D3D619DC20A309EFB39BE8DB4F98AC43C9B467DB55"
"IMG_20190805_0005.jpg","13309","581765A0A7769ABE928C1EB1469CDAD893B493758D71C235126DD24AD6C98DE2"
"IMG_20200425_0001.jpg","11300","B8C31C213A67EDE1E2CC5A0236591AB96C957600B8043116A96F368A908FC182"
"IMG_20200425_00011.jpg","9335","F6676FF4EDD4935ECBE4A005F8900CE69DB48F1B53DA1D71C852EC50F76B86C8"
"IMG_20200425_0002.jpg","14473","5241D4EF49164E5C925F16EDACA561DFA9E24DED98A17F38F63922E7CB10E5BC"
"IMG_20200425_00021.jpg","10479","0E282CC3D76C30D2A025A0FC8BDBBAEE655744C120CFCEDA79532DE54087F88D"
"IMG_211111.jpg","18049","DCFCF2837DB64D0CD2F1123270F38F3684BFF30C2569CA8E5F057FA1AD3D03F8"
"IMG_2111111.jpg","16249","F0C3143E738C578E50446230A45F8B13701255398986AFF959683FCA9628DFDD"
"IMG_21111211.jpg","20148","C7913CD4896408207575786530308D3B0587A78AA3D6B6FED6F34B9395E7DEC8"
"IMG_2780.jpg","199640","292E3C9555F88776E4C5D828B3124196834BEB6A95AA996A5BE2D86B6F77AEC7"
"IMG_2954111.jpg","15747","81CF9B9F2DEBB952EA41E0C0F86CCB44A845D5FF4AD8C6F24D8308BAEC54B88C"
"IMG_29551.jpg","17572","7C3914F53506C9B411B4A7CAC2FC1A40CFA6D20D6AD350F18E77480F5913D4A8"
"IMG_29791.jpg","16247","764449349F7F80377B01ED14F929E8C6D55DF47291CB55D321715E86408B0B6F"
"IMG_2980.jpg","18329","C8DF443670906AABE808479648FDFB23B40C70D33CBCABD8EFBBC91BE954CCAC"
"IMG_29821.jpg","5880","6A818F692955D03EDD19A46042AE1CA6CFEFB7E4A187DF2C368135C7338AEAFE"
"IMG_3059.jpg","12728","3024424B2954A9D3E786BC31C91448CF51F488A721932A6963CE2A73C2E490FD"
"IMG_3078.jpg","180665","56E3D536D1E818712B7BAB5E90BBFB57F2A27681B3A04F2BD0BDDE6441371FE8"
"IMG_3079.jpg","172582","D4ADCDBCD770AC56DC0F8A73D6D76626527809FFA44151A7AFB43B1A81F5A914"
"IMG_3080.jpg","145045","3E877C038010C1870042E44D619ACF0261A264576ECBC781A0E4F8BB7C5644B1"
"IMG_3081.jpg","235034","AF4BA1021EA8BDBB448348E017528E320DF13FE14F8E71187BABDE5619472F32"
"IMG_3200.jpg","16988","154843F2694FC7D4D454654F19D671C0D839B20CD398B86F2DBD945A7FA3D370"
"IMG_3201.jpg","8975","2844B003AC345E9E0FE9BEBAEFF34C5D65CA55FC0163018C8C041789D7C01C01"
"IMG_32051.jpg","14974","FB2FBB3855E1E8FCEB4FFEEAD0EE6778FEEB4153D5AB68AA579C1B09B5354911"
"IMG_3206.jpg","12929","5F7E78A4188FF54011CE1D77360E620DD36A8C9372028CDB2DB3C6E5C887ACBF"
"IMG_3251211.jpg","12220","3B864D9E8FAE68E2B8A1DC2B8A1B2FA548150097CD2BB2AB5B709FD93A67870F"
"IMG_3432.jpg","222204","B0F81D79F1FB8504C3F5D0276B6929C26D843D5F3A1BDB5FA5953E82267EE2AE"
"IMG_3831.png","185620","B5B0F8E9080C245EC2A7C938662C1A6F5EB8540755429F655EA2A8F3337FC7C2"
"IMG_4083.jpg","244247","472293EB879718E4D7C5F3C782A984647A329ED6A313761821B3C849CF2F0CBF"
"IMG_40861.jpg","16886","BCA6E26EA29F0FB4A1F9F232296E05CA9D579913124F146E505BA39279EA2B26"
"IMG_4089.jpg","14118","5D20DDB9A5F5612C0EA4C8CBD9864B3C4CB73A9FA5427ED8716EAAA9C2C8F167"
"IMG_45131.jpg","30439","EACED16214A231FB14FD4CBFF331DCB9C305990ACC4DDA8FEBE4DFE71610B8B1"
"IMG_4654.jpg","15350","0116BE9B7A5CA65A63092254E109465A9B1D70BA0275600ECC2F64AE79B04730"
"IMG_465411.jpg","13030","92EDBB402110FDE453E814427AF4511317C6B57384AFB2BD2493D832B9386DB2"
"IMG_4740111.jpg","15794","13A6AE9AE54478AA0D4F0B3EED7D33B8003EF6E42255ADA4C2501F925AA5696C"
"IMG_4752.jpg","11232","39B1A7FBECF3E37DF6AF3539A94C7C6EC9FA2DC2ACF1EB5D41450C24F87BF236"
"IMG_4783.jpg","20423","0C699D16CB702CE24C01A8066F1D5139AC93C20B49DDA66C1684E786FD882897"
"IMG_5797.jpg","225463","0093D2A41FCE2F4BC2C94C677866C8FE45ABBC1A1BD538E6A3AFCB2E1F6B9C1F"
"IMG_591641111.jpg","12085","5BF0E47798E436EB9A7F63AB2BCCF37BB7D699E04937CC9FDA69C2FC0693C62A"
"IMG_6052.png","62778","4459EA9418CEC2B49C9981F33A472496F456DBF81DA49579046C85DD7452E1E3"
"IMG_6053.png","60052","D993132E54D31B166A14724CFDB6ED29BF8B8689AB28552B5AC6228748245BBF"
"IMG_6083.png","164762","9A2546A20E383276CC85AD274A7CD580C960DCC4E97C3A2FB43B3667AFB393BE"
"IMG_615611.jpg","11351","AC6FBD9A6C6E1BAF7238339B37F08F70A28DFB622B8103D7F5DC2F2FEBB7F419"
"IMG_6156111.jpg","15034","1E02D79B1E8B88FD586997DDC081A29748639FE437AB2997AB52244D642BAC6B"
"IMG_616811111.jpg","13614","E8786F2334E3DC2DF42557DD1FC8E262D319A1BC03782D8363459E23DD8BACF2"
"IMG_61971111.jpg","16979","436BBF1923B98B49824729554C0E9054BB3EC85E5D92C57AAC39BC852239A321"
"IMG_76741111.jpg","16726","AE9EB5BA1EFE667EEC340CD99AD21E263CA9DD543361B51CBE9240FCD545741F"
"IMG_76771.jpg","15098","54EFEDC530C5463406B31421A424F31F072DE3BFCAEE56DA106CF70CDF2FFEDC"
"IMG_76931.jpg","19742","BE542F321E3346E1AF99C5C4113949EFC4D9D9A0BBCB1BF85392941B13EFB3AF"
"IMG_81251.jpg","9933","EF93A4F8409278907FC40269BEE0018B13FE336F3E5050AE0BD2B84727C19E4B"
"IMG_8288.jpg","16782","8D8AA25786F8843D5ADB2D0D527172D6E796A0180FBC00C9ABB8AA4D84CD851D"
"IMG_828811.jpg","15042","3882C9AF2F826838A1557035465FA60FAA08176665860362329FDFA825AB01DE"
"IMG_83661.jpg","11987","10202F2BA9D4157F2E1DBAFC17295AC06EB70B9B4612608C7203C15C960452D1"
"IMG_847111.jpg","7400","ABB71876E4FD382310D0F62C8A1883441E0B33CBD269059DC2D050DDB513631B"
"IMG_8875.jpg","15701","CF9A68F9FA7B6742C0A9E069727FA35D93FBF3E9A74673FED7B1555FA3C0996D"
"IMG_905751.jpg","13507","7E2A36C2E87CAACD8A1AFB264912D5F5331C9E5D495E85C58A6B30DD9B07D5FC"
"IMG_90761111.jpg","34933","2C048A7D3FDF9F0EC0FF38EBF9423CB8928751052E936D86B29D3ED8EA19AC66"
"IMG_95571111.jpg","7479","8C7FD7A5CBAA87E836F87CDCE04AB7347FD072321FAC339CE2AE42AA5FDF9980"
"IMG_96382111.jpg","5138","F656D733B122542E52707A51914F69539C3D75BCCEDA7D9D2E77091958FF1703"
"IMG_99271.jpg","20429","B36ECF687750E54F20BEBEF28B82951701D4FEE0056064D4D45E54F986B4FD6D"
"incho.html","12553","5A77A4FFEE320519DE2C8A8C6D1D2E2C4A6C493416C9B41D91E87FBF40EB1947"
"index.html","23892","C722CC56673D02117005D976AC6AEC007DFAA7926DD855881EDD0A148C536D88"
"ishida kyouko3.jpg","54309","04D9A9849087A9E6B5105C65A7C9AB41BAEE1569FA3AB794956996501344D142"
"kafun.html","13963","1BB99A7AC39914DA662B59073BFD63CAE2E41F488584CEF6629FBCB7DE761D19"
"kairopura.html","8991","C098988BBC8F73FA46F3E9C1ED05489283168B4AE8CC1FF65D52D53A12116429"
"kanja.html","39394","661ED425CC2DAF6BBD3FD2113145BBB345A9174C3563EB4D51A381BE34C8E713"
"kanjya.jpg","12512","569D9C326C967BA06363ADEEA53DC6759AE0CA5640E64D8EFA9A4456CCB56C26"
"keikan.png","156896","EE04AB922CE1BB3C349401375881A7E9B5BDCE05D052642581F055CCA67D600F"
"kitazawa yoshiki.jpg","36163","9050E919A879559E7B605F032E04FDAFA11052D3631E1DC4985081FBF492FBE3"
"kokushi.html","49176","FAED94E833A8C61C74F9FDACA973938672C8BBE7451FFCC37C7A26476A185E8D"
"kuti11.jpg","37969","CC8BD63DA312D7C05E0FCBB85791CB0C6DC4F8D1C99B60A5E420FF10E8ADA4AC"
"kuti221.jpg","60552","E274F6043CBC1F3B9BAFD30CB107ED501717ABF8575A08834C7A56EB5F246E9D"
"kuti3.jpg","49644","EF7506A230C567934531D614BCFD1FAE3229E83E9F5D4EEEC203AA3A34C445F2"
"kuti51.jpg","51190","42AB5386DF925407C47138FCA9A725C53E83201A8184633F0231EDE9AC40460A"
"kuti6.jpg","44532","68D13119BBB535198C117925E3A7E1CFEC49FCB087E1E96AD9968E9D830D5877"
"kyuu.html","8196","DC0793A95C68C3A57468E3E9B3ED3263F62BD4D1501F3A049C8FECE4E5540F6E"
"kyuujin.html","31419","A0A36F9AE15E1818700F62DEDC14259D65D66009B2C02E3BB9E43BC737020C3E"
"Lymph.JPG","44217","A27309FBD5766D05A32BB9F2F30F9B01D8591A85772D5D2AE6DDEA34298D667F"
"ma- jyuku11.jpg","60025","A313AF3EFC1450E19FA57D9E7A785F72209398AB5ABC44C81836C2725169E323"
"main_5H_2c.css","17298","142DCA7BB42270924E7628EECC27BBFB1D1531B45A976329645475E8512A0DDA"
"mayumi11.jpg","75470","B36A4094CC03DA193BEBFCACF40BD95D60ADFAB9E57D5544251B6F48C8224D5D"
"media01.png","282002","17C400112AE3A2C2ABD731ACF07BF07DFDBC04BDDBA78ABA393A14A769E0FAC5"
"Meniere.html","43321","19BA8BACF1CC8501ABE741E4CE430ADA44CFBA06D9E8D27D9653DC808AA7D32B"
"menu.html","82594","05AD52E5D17A129200FFE01F2177EEB76A030297A6D890240D45EA06095F5356"
"mimi1.png","9047","C181910FAEDBCD11D21364C523862D7DBE31FCDD0A4909AB73ECFF80433B99B4"
"mimi2.png","6552","82123A08246560830875BFCEB1B6F95E22DA6A98F4CFABFB02954CA135080F61"
"mimi3.png","5335","81FD4DF39977C1C9BEF524C2C061F106CD06271167E4D6B1034A457A550DC1AE"
"mimi4.png","7464","28E856EBDA608BFC4B4228A2F23EDA0BC9353DE4FABB0DE8226EC8A7E9E3B603"
"mimi5.png","7434","34347771BDC9DB207D3A9D550A7BA2B01E98DF68C401802C5422D2BFCDA8AAF2"
"miminari.html","39052","8FADA683023E36A547B1DEAD5FFCF4353607E6FFDE1584BB29A2165BF0996F44"
"muryou.html","9913","CDD67F6B108ED0843DBFBA1D9A9CD637DB813D8750EA6E6C9775F9BBFAAA8F17"
"newpage10.html","111227","70EE02B1AADE7834BBFB353AC98AFD73F967404D2A7651D3ADC498630740DDB4"
"newpage13.html","114340","BCA9C2C1F98034CBD6A34A502F633D06B8A80B75EE9371FE29D00C12B3673D4D"
"newpage14.html","63053","D1E53A32C2067C326803A912E28C85B3D3403126B36DB98A3AE75426425CB0A2"
"newpage17.html","32838","BAE797152280F61A2EC0F52EB1B6F4B2F035918EF7E26DF5811CBE762F28FDA0"
"newpage22.html","28254","A44331129FC8EE15706C9A59CCE97927F0BF535E879BC6288EFC418B788CE606"
"newpage23.html","46688","C9AD7A61FACF74D27555FFA725A457B5EE311552CA1F04AD234C04EE53709795"
"newpage24.html","20877","962F4B965015CEAAD48DEC41CF967BC8236F5E30536CD1260377BCAA77B1704F"
"newpage25.html","18430","16D6B10B66D9896B1F09DB6EB505DC637E40BA63A5B8F0031ADC662A86A96023"
"newpage27.html","55362","F767F500336FE8685736305591D813F920304CB5F9B9FA3B7502BD10982CCE0B"
"newpage4.html","40423","5B58C9CB448EC767B4BBD4100799CD3F672FC16202D11D11221B7FEEEB87FCD4"
"newpage5.html","25963","7D64F6BC72FCF325E60A70045F2A8E804763F8DA38D4A280CB079FAD2B73DF3F"
"newpage7.html","13484","9D08A1ABDFDCE1CA211670BBA6FF64D2B290CB48589882986DA1582B8637F040"
"news.html","9747","9F5DEE95B104E0906FE5AE6885253A0BB2A3910BA05F5FE5E2DC717106AE6000"
"nhk.html","28324","2226112E6FF8C130C135DC185982371023B415F10B4485FF00AA2A83FC433FDB"
"nobushima.jpg","58168","B963664FF4BF3064FDDEBE92BDC69AF3C0CA890EEE2672AF89602D2960FE8324"
"norisue souichi.jpg","42809","8EA6BF37EB26369CE9C140D9059C4DD81AB1F46E9C81B0A048A96F53D82E6A8F"
"odio1.jpg","29061","55F074B9F9240968BCB2FC68C479ED20968EE82C84396BE1990159C8983272A6"
"odio11.jpg","42607","B237576E7A7AE7DCAFB05D7F91B4856B69376C6ED8788428563300850F11C1A0"
"odio121.jpg","36464","AFC9480D223DD96D1E5A5C75306A2FCE54DCF03E445FD560C8A31F9B81990042"
"onozawa1.jpg","45038","274C3D886793263ED0F9BAB07A5FC57E62AD36BC351BB89F141E192A5E6D86B2"
"oota kouiti11.jpg","77994","6A10E914015B55E846FD5E591E76C0C11B469388CDCA074BF4F662B374B8B3ED"
"pic_g003111111.jpg","13385","6062D7BCF5856F3B0F038E6945787EBA2B95114163CAA7F671029558055828C8"
"pic_g004.jpg","428484","27979899413ED57B976A27C282268879EBDDA932136623FB32383E74DF37AAEB"
"pic_g00521.jpg","8421","32CFD4A5D8CD2723E37DC435775A8501851FA2DDEF9BB67FA3103E9D9E1400F6"
"pic_g0591.jpg","10931","023979C6AEF31C1677EAF41828625FE0FD200593BE5304E3CE751AB91D8D8540"
"pic_g063111112.jpg","65893","EDC2FADC2A2B2F0A7345DC33AF62C1D909CAD3D80E1D3FF5470507F7254ED7B9"
"pic_g1171111111111.jpg","7434","6B8FA4B616EE28F844165E9F442148FEAB35AC6801373D2EAE4D96BC94A0B159"
"pic_g11721111.jpg","9141","D36D4BBAD428FF5C78E1AB3700B5318F7BD699F4F51B9DB22ED3D4382C7C984F"
"pic_g15611.jpg","6697","DBEAFA75AFA92B197C7F463A1E84E2996A6D50BB3F24EC2B43557C50DF925686"
"pic_g21211.jpg","7084","856346D62BB9AB2E1FCE8245C119C02B68EF13DC990A7C40E6EC7FF6EABF758E"
"pic_g26471.jpg","10459","2F31F259FC1C1BAD4FF445C701C5CB966F92E54B18CFB7861C5BBC942AA45BC9"
"privacy.html","10357","7F7D96D702388500B52FB409A7A954FBA8FE767F3406C828A1C62C27C1B73A0D"
"reserve.html","9572","844C84D10BD4D255C15EDBA775FCC1B03A7EEB7E1E34CA82E822982FBA557BC6"
"robots.txt","74","B97F6511F22A95B3ED14BBB0074A8E1964D1A92003218009CA0D1077046295AB"
"rogo3.png","22640","E50935413B4BFEDA69EA9EDFA660F85C589C27109C4EAB4D8AF68828C590D7CC"
"room2.jpg","15466","3ED2DC6BC79AA4B4E1B6F2AD38A02931D73DC244D834E3D21E155F024E3F0D4B"
"room2221.jpg","15466","4FD9C58C7384C851AA5B69D9506961822B37D7FBEDF348A52D6B8C08E9DAC61A"
"sakago.html","10781","F27932FD2C2DB957D366BAD5152FB1C865D32239113F74E554475FB825DE1063"
"securedownload1.jpg","15159","2F31C3DEC1734820F270761C2810FF391A6EFEC7D25B978AD71D4EC2E2B5E81B"
"seiennsou11.png","273702","667B81A20BC0147D0E710FBCECB356095F1647C2B6E99808B36DDE422730F55A"
"seitai.html","12870","CA6247BFFB577A3A2CE0407DF971FDD6DBBFA47552BA02A008E60D7278E0E4E5"
"seitaisyosin111.gif","3676","5B0FA855CA770A184215E6182F8D130E9CC96153BB51B0C4E4749293190AD6E1"
"seitaisyosin211.gif","4103","1E53C948BF0752E1987A499C18509135CCED5DA463C5357403294EE46F0A81D6"
"shiwa111.jpg","60185","E3192868681347F15CF6F779903EAB63001EE5CE4ACC4F996DB10272AFF150FD"
"sinkyu.html","16629","D45BD6FCE4710507066474FB5C383BBD3ADB04CAF82539279C02DB19678D0DC4"
"sitemap.xml","9244","BCAEA56DCE10A4E1E64073DD13EAABF5D158D1A0020246EBE15A013CF6E6F8FF"
"Sobakasu.JPG","64669","C56D4261DF0E489DD7496E86E2A0B8758F973062C862D70AABBEFE98ADE81CAC"
"taiban.html","38815","815CCD65813E9E3FFB3AD16380881E30E904E0E6981C4219B4922F4130F957CB"
"teion","33587","85E1CDD2DB66EF084EB2AC65C8F0016FC3A01F65FF7E18B64BB19C23355F5E02"
"tn286111.jpg","12109","0AD139D31BBC6228D87E00ECB33887569D5CF285B5BA18F4020D4B260B2E96DC"
"tn28611111.jpg","24782","9827D0E178D5447499B3388190DEF141114C2A93616350878D60455C939486DA"
"tsuwari.html","9932","5F28447057BE3CABADFCC204CAADDF660AD532EC74ED8D02A0289211D98D5CA6"
"TurnOver.JPG","51742","CC827B3F422AAFD45451C7CAB48712E8104FED23B0AA257BC139CA45FAD47038"
"unnamed12.jpg","109412","A3CCC265E441A9C1886B66DDE63C7D04F9CA3214C38CC1C75C0C35E394BEEFB3"
"unnamed2.jpg","106297","E8F587F09ED6F4D72EC176BDBB11943554734EF97B091C30DE921BD304D3118A"
"user.css","9350","70B23E683E30C0DF8A0A27C5E3FD6B89703F2AC385F0BF1BE85D6D05F5008363"
"UV.JPG","28848","EF4A34F1198C60C8D0A2C0E1FC99EFC4A3D6F9CC2CE403482E4D2F6DDFC56B53"
"yjimage111.jpg","74707","5AB87C1B8BE2F5BD09F950EA59B8FD42B0DBAC2A36F80C61C371B43C6FF6CFBF"
"image\access-MAP1.gif","20910","BD90C7A98613E188E8DBA8FFA28DE0A74D53E3E4B112A75A977F986BF3AEB6FE"
"image\banner_5H_01.png","32399","623E8E672365C87BC5ED1830FB2996CA6A7CDBF8025C5D9C17C73C31C8E189A0"
"image\banner_5H_03.png","15759","586E9A35E294E671F35633E6CAD882AD339DCED2BA78436A64958A819628755D"
"image\banner_5H_04.png","13614","DE54329858EC464EABA8FD8FB5B8B91F055C2BF7939087D449C9047C40114661"
"image\banner_5H_1.jpg","4955","070AC9C658A09642125980CFA83D2F852A4568A71D021074A3F2E209E9BCFC6C"
"image\banner_5H_2.jpg","3740","C8C62994D519D30B4E57C1D9765F834F8F8667E486DED5B614B88DA8E03AE613"
"image\banner_5H_22.png","30178","40BE7D66653A334A2194BE34FC85003DF6A478931514ED247648CA923A39606B"
"image\banner_5H_5.jpg","3896","DDBCDEC372E33FA979D9A7E436BD53EC5FE1198C8FE152CA21EC9CC2A3171414"
"image\CA3J0856111.jpg","10891","3E32D1616826A6FBD504C7B653EC4E1DBF19BC7868F602D66F325409133861BF"
"image\CA3J08561111.jpg","20334","11CA9BB8988F7AB4049FCD472BF56F09EB0117FD86784673EEA92B6ACF76A7B1"
"image\CA3J085611113.jpg","8546","3FDC51C4051BA0B16D84EA953574A073D651BA04A90C62FDCE3FB3FD4A0EBC64"
"image\fNav_5H.png","1878","9511F3B9B4C29915025386D0B51E240A5E7ED0A1BDE4EB44C99AEFB0A925B277"
"image\footerBg_5H.png","1120","5970604BA4384875B1D1B2D28540DA5B6EC41EF8F4C782AC22CBDB7208354239"
"image\headerBg_5H_01.png","1475","E3D201C4A3A85C6F7A42F27E3950742577C75DCA2ED75098CBE8F59A2CCF2C5D"
"image\headerBg_5H_02.png","1371","7AFBE947694AC031B13D485B2C08AF1CD102AA429C81DD2FB91ED1D2125B96DD"
"image\index-news01.jpg","2118","61ABB304054A77F27793F06D9D1BF9A1600C048214ED1879E9CAAC293E1A6FAC"
"image\indexBg_5H.png","11200","461F1DE9F0867982B643467E68EE7B4E06E9AC19EAD3361E87716CCF956EA116"
"image\infoBg_5H_02.png","1146","0C9C757766D3F57D83559C9C913EADCEDFCD2D60E896BFF1038CF5A03C00E0BF"
"image\listBg_5H.png","1157","68F5AEBE14FD13FA0F82E33C0871AE1B3E12E22559272BC60591ABA147D625D9"
"image\logo_5H.png","11003","B73A9B41D75B28AED9E2C4B62ED1522AA9C6AF343D5FFCEFB58842C9CD7870DD"
"image\mainmenu_5H.png","1361","6717F720C6B4823F707A00093192C7D99843AA2263735762AEE4FF473213D0DE"
"image\mainmenu_5H_on.png","1406","90908B049203B1B4831C474E531AA707DDC456B60553265B06B0FE87458A00C6"
"image\point_5H.png","1237","467C88193E566FDABE66040C1BB798B93C8AAE3A460A36E9A32FE67A0F0A9209"
"image\returnTop_5H.png","1209","6D1160AA1F8E92850C077065C2CFFDF665E5D0CCF8C89D679E53696309CACBA2"
"image\rogo12.jpg","9125","BC6344D6AF9878FBD9BC32EC98A8DAE1EEC4EB30B3FB25F32C2F8E8CE9D43E98"
"image\titleBg_5H.png","95210","55B5A239BBCC59C68E3D9AD2ACA8C4C5365EE6EA20D188779B981C6994473851"
"image\top_indexBg_5H.png","10900","792ABCC0E3913D025EA07608B8830045463C6C73E0A0CCE1F6F1A796E0155851"
"image\top_mainimg_5H.png","167891","39A2F288CB86009BB4DA3E3C4C11108C3EE7FB70E653D3CC1903E598880D4FC4"
"sp\CA3J07942112112111112113111111112111112111111111111111111111111111111111111.jpg","26183","213562C381D5A8392328C2843F14D656AA973397067283A587F96DCAD6153078"
"sp\container_5H_2c_top.css","12111","F468ABAD7BC97203CE9FA37C1B0DA86FAF6A793240967C012F81A12E67826C21"
"sp\hpbparts.css","17071","CB8BCB88DB1A08F350EE4A4999D3ACF1F35CD1DF04259FB749BBC0A371CF538D"
"sp\IMG_10231.jpg","24954","37CFA0E38F7A50BF32CB3B456939D35C8EF444E6F73D4D49BDE97AAEBFE25270"
"sp\index.html","21477","C3646E47C8C547AADEB2E62277F677C920A52F0791E85C984F76CA15AFB879E0"
"sp\main_5H_2c.css","15139","96CD1130EF8C0CDC53B7A1215B496EE603155CE2E19C503249BBC3E1C774A754"
"sp\reset.css","3009","9DFD5CB76BFC6C8222EAE6203FD8946CB3B3A1DD8D58AE851F2C023E10B59F7E"
"sp\user.css","9381","EEB508715FB75C2DC15BF8F897E69359BE3BD0CB3B0BEFBE6839C7C89DE2268D"
"sp\image\banner_5H_01.png","32399","623E8E672365C87BC5ED1830FB2996CA6A7CDBF8025C5D9C17C73C31C8E189A0"
"sp\image\banner_5H_03.png","15759","586E9A35E294E671F35633E6CAD882AD339DCED2BA78436A64958A819628755D"
"sp\image\banner_5H_04.png","13614","DE54329858EC464EABA8FD8FB5B8B91F055C2BF7939087D449C9047C40114661"
"sp\image\banner_5H_1.jpg","4955","070AC9C658A09642125980CFA83D2F852A4568A71D021074A3F2E209E9BCFC6C"
"sp\image\banner_5H_2.jpg","3740","C8C62994D519D30B4E57C1D9765F834F8F8667E486DED5B614B88DA8E03AE613"
"sp\image\banner_5H_22.png","30178","40BE7D66653A334A2194BE34FC85003DF6A478931514ED247648CA923A39606B"
"sp\image\banner_5H_5.jpg","3896","DDBCDEC372E33FA979D9A7E436BD53EC5FE1198C8FE152CA21EC9CC2A3171414"
"sp\image\fNav_5H.png","1878","9511F3B9B4C29915025386D0B51E240A5E7ED0A1BDE4EB44C99AEFB0A925B277"
"sp\image\indexBg_5H.png","11200","461F1DE9F0867982B643467E68EE7B4E06E9AC19EAD3361E87716CCF956EA116"
"sp\image\listBg_5H.png","1157","68F5AEBE14FD13FA0F82E33C0871AE1B3E12E22559272BC60591ABA147D625D9"
"sp\image\returnTop_5H.png","1209","6D1160AA1F8E92850C077065C2CFFDF665E5D0CCF8C89D679E53696309CACBA2"
"sp\image\titleBg_5H.png","95210","55B5A239BBCC59C68E3D9AD2ACA8C4C5365EE6EA20D188779B981C6994473851"
"sp\image\top_indexBg_5H.png","10900","792ABCC0E3913D025EA07608B8830045463C6C73E0A0CCE1F6F1A796E0155851"
"sp\js\swiper.js","614","8D7403D81FA60B84D3EA5903EAD70497E6A4DCA2807C08D4A7A3FE64D6ECE847"
"sp\js\testcss.css","0","E3B0C44298FC1C149AFBF4C8996FB92427AE41E4649B934CA495991B7852B855"
"sp\st-css\index_sp.css","2993","FA1B0C20F38507F7928EC826116E2BCF29B85760016DFC0AB22F8BCAB3A9A749"
"sp\st_img\601459_258369124300583_430028278_n(1).jpg","12607","71EC9F3C12A19593F18063323153F15BD83B974BE4BA7925945160AC777C36CD"
"sp\st_img\nancho_sect6_1.png","6026741","04C738D08D6C15A1382ADD686403A2861643B8E1EAA6AC9987BD65C447811BEC"
"sp\st_img\zk-img.png","597493","890D5DC405B193A2B438287FB80E99F4C251B3D0BE9A80541591EAD7D4F0A5F0"
"st_img\601459_258369124300583_430028278_n(1).jpg","12607","71EC9F3C12A19593F18063323153F15BD83B974BE4BA7925945160AC777C36CD"
"st_img\footxt.png","7773","5398FE9C748844048589467D378060FFFA9982683C99161EF13CA5940170E7A6"
"st_img\image01_01.png","830336","E9E1645464377CCBC9D8691323DBF20F643A90114058F0E49385AD28E058DFB8"
"st_img\image02_04.png","204612","449D7942170BCA0035DAA7B154F7AF99A27E811A655BFFAC8468B2454569F65C"
