"path","bytes","modified","sha256"
".htaccess","720","2026-01-27","3366CC2BC2CBDC8E29B7A7A328CB80227939C9510833512A62A6B4EC9F01230E"
"0.jpg","24041","2013-12-05","12F22F9DAAC5A1C7191C734537272C58C06B24E1F3FA5B4168D3AE4593FD7E83"
"0003.jpg","32525","2018-08-28","79B6056803C977387B559B5FB58D4C8AA32F3920C1A3DF281EDD6B94D9631974"
"00985F62-54FA-48C2-AC4C-0CB7A24DF9B8.jpg","22934","2026-02-05","744BF9461281625C0EDD53C84407D739AFE8530B9FC64CFC438F6326255B9568"
"02433B06-9E70-4592-B8C2-BB4873AB2BE41.png","220314","2026-02-05","319FF7A9BAF1860DA9AF35893DD101E8F9721268752BE222AB507DD08944B5FF"
"02811560-FD7C-4257-A06C-18BBFF673401.jpg","12952","2026-02-05","8B645FD704B82CD5AA13A33E79C291B2998025FD1DB32270DAB5C7F9777AAACA"
"046C2931-7B29-41BD-9DD4-A0574FB104D711.jpg","20919","2026-02-05","39126601947237BEE70FE467B02B804F9F347051FE7C3D56E10B246FE5D72F06"
"0559.jpg","258387","2018-08-28","5B3B4A7C3ED2D27042977BA1ED3955D4EF4EF3B9364BA5CD4F21213FE9245C64"
"055911.jpg","18900","2026-02-05","46E3265DB859996A28453587722BA7D072531E9E89FC7BD6B814A9529619D642"
"0704C75F-8ED2-4C5E-9B0E-44CDC6734BF611.jpg","11260","2026-02-05","18F26CCBC4449E8888586DAEBDA1AC6909A0A6C81B2514EFFC50F67351E6213E"
"0775.jpg","228893","2018-08-28","2EFF5D07893FE1C576E480354E8680E090F07BCFBE18993F42B5655768BC8D6F"
"07751.jpg","14506","2026-02-05","816D12F3C5EF626B4CEDF33CBD3CA1E9A229B5698A3C6843B178C2CE8127CE6E"
"0789.png","83130","2026-02-05","769C82B0ED228787970224EE23DCC842D59BB66E4D1B46937E0EC952225D4007"
"0950.jpg","156906","2018-08-28","25BC5683E29B6223E8F00A7AAE9904D786D4217E7822E9729A80A0D50CAE8C55"
"095011.jpg","9508","2026-02-05","7B74BCE16EA0C4393498362D49ED0305431F63443EE569AB346E67A4997A604E"
"0987.jpg","264368","2018-08-28","B038D52EA9F17EBADA2DB81D7A3F762F02243B64D9CD3EAC0926234F3A80E6CB"
"098711.jpg","17121","2026-02-05","DFE27C2CBC99AA98670E477C0F99DB433EA980F3B2B673A715F55AE5FD3FE002"
"0C9974F4-45CC-4CD0-AE9D-DC80B1666B31.jpg","13443","2026-02-05","6B1E3A6954184DABDE35498ADACDDF86434DBD37967ED07D0B19FB55D5CDBE2E"
"0X_ra4KLxbU4_qx1457008242111.jpg","17518","2017-04-18","E79D5E9EA716A12296C2993F0CB310257947A091C6B9CA97098C7EA9C42F2919"
"1.jpg","12274","2026-02-05","2B53135AA92B80F1CC8F5AD90418B660A35B9E13CC0A94B66791F047A36F22FC"
"1.png","54375","2026-02-05","87BABB73EE927F9F4B288150482137AE05C7C5FD26FC1B9DE2E0E3B558B69BB5"
"10002.jpg","20290","2019-02-18","4232E720F822C3E2A86340F4C13D9B927A6FC7868F7BD46FEFA5AC2B80F12D45"
"11.png","45054","2026-02-05","AB2AF16A8BAEB5225767B05755C3B6B13069204446B0C19C1A0161536A6929EE"
"111.png","240913","2026-02-05","985D075ECA2552D00F107D77CBD91A29551F3D5F33770CF6712D083E3C72C26D"
"111111.png","368656","2026-02-05","3154099C8382BDFEE48D638AC58BFFD64CC9460D0E03AA007C07E3B67882A666"
"11141.jpg","8125","2017-06-28","73B2D7F8D22A7B70FF111FC8110CA2F518796ABE487B5655D476E383E9CF71FF"
"111411.jpg","11575","2017-04-14","2C0D1950D7E6FE9079D10007A6D9C98C960646CB1E4F4B8F619E104AB30266F3"
"1115111.jpg","11613","2017-04-14","329D12FE17885D9A232824F4FA67868F4A78DF8B9E979FE2FF2987A676273906"
"11151111.jpg","8259","2017-05-07","211ECFDC10E674104D0F8BE81F13FB3A90711C1B3448B0F414729E5DC9FC0A67"
"111611.jpg","20077","2026-02-05","3F462F6FBBEF0EBEE01E17821F979D468B8F1A78CBE7756C818081EB58402C52"
"1116111.jpg","23474","2026-02-05","31D6C070E77EE6A6B9AE27B75AEEFFDD507A8C4674424893BF86E16FBB9900D0"
"11161111.jpg","16817","2026-02-05","6BD4C5DBB5443F6B70E975BAAD8961A0717F0C514D922D018D9E49396D6AF57B"
"11161112.jpg","14233","2026-02-05","60FDF2D25240682A63A3A55DC62402C7DE12FF2E27C0A6B519734324F0308D51"
"1117111.jpg","15404","2026-02-05","B3595FA3F89F7DB8A0298BB9961A5CA627CF7ED380E376935748FBB92B76AE36"
"11171111.jpg","15152","2026-02-05","F03A4E97BA136BF0FDCD613E6413F7A7356B763E5F8C704678AFFA6F04144937"
"111711111.jpg","19862","2026-02-05","1E86562341A0718D383DC25B85F830AC07F2CF4E23F3A8E7C803B359EB463234"
"111711112.jpg","16250","2026-02-05","57017BCFB036E74DFF08579B1040A928199288907B2F7219374A7C1D9B2B48ED"
"11231.png","137220","2026-02-05","D39F9B294408C6ED79E16E0C73D73840ECAECC416AB327D59B5A6D6D23D28118"
"121.png","56031","2024-01-16","0427D18B8A12950309E17CAFE1DD6481FB9A0BBB0A0782317AD73E954806E914"
"1211.png","266844","2026-02-05","78CA5A2E748D422E1FC5313A47B37D47FD40D8B323DEC5BE0A5707691B16B7BE"
"12111.png","171956","2018-12-15","F67C70CD10EE14D1F5D9712EC1C926738360BD3EE6E85B3DAF551994A338A3E1"
"1212.png","55589","2024-01-16","29469CC1976FD8732811B8BA98F575256822A456507C6FD00DD06E06A9521C93"
"12121.png","49042","2026-02-05","2AC2A8E0EBD911E37E5400E403CBFB14A4E84D87DF7E113DE6954748201C32FC"
"123.jpg","21222","2015-01-27","C267466A884C86BD7E35E41A5FA3D5D2989CFC446711B783D1F67C0A0325E7EA"
"1231.jpg","7684","2018-08-28","002002BEFAFB3A7B35B91E0BDA390E685112CF6D961F51CBADB4A21EE1FF1559"
"14563.png","151615","2019-11-22","E9B93A220331DD63592C709DFA2F95AFD8A08F4D83D14C28BC1B852FC35CAE13"
"145631.png","81627","2019-11-22","39C3CF19B3785C0069CFC6FE5762A3A9641E56517CEDCA637E0A436A9439B1D0"
"1456311.png","81619","2026-02-05","FF1FA3CD17F0A9ECC1F402380EE724187937EFAB3A78BCA8F7FA40C6694B71C2"
"145632.png","81398","2019-11-22","87C5D4B5BCFC2AF826B3E3E06DE0E3016B96388D04A5C8A7012FE4AB854762B7"
"14563211.png","83130","2026-02-05","769C82B0ED228787970224EE23DCC842D59BB66E4D1B46937E0EC952225D4007"
"145633.png","81398","2019-11-22","87C5D4B5BCFC2AF826B3E3E06DE0E3016B96388D04A5C8A7012FE4AB854762B7"
"1456331.png","81619","2026-02-05","FF1FA3CD17F0A9ECC1F402380EE724187937EFAB3A78BCA8F7FA40C6694B71C2"
"154.png","295159","2018-12-29","2BA2BEFC1341DB60B7BEABDBF1851148FD731860E6E2178E9804CF34A9FC37C2"
"1541.png","189117","2026-02-05","E72BF27FF9B737BFAB7E7A3B84F82C3AB196A5F8D3A6F363E1CFED85B2A4F052"
"155.png","301435","2018-12-29","92933CF7C77A60113C83CA000EF8AAA2E386A42072E5A78365431C9A79E13859"
"1551.png","194086","2026-02-05","E0AFB8C966E1D641B24C6032BA016DC544DCC88E9AA6983AEA11530A0998EE3E"
"1689.jpg","248451","2018-08-28","4DB18B7D2EF2574A3459F769D65DDC18DAA1686A99F15FABDEA83DC31BBBAA5A"
"16891.jpg","15104","2026-02-05","D1C9FA8833416CEB9FD64DC960A3A78F5FB6B2B11CB244A4DCDEA0372DA0E6D6"
"2015y03m27d_230135114.jpg","33873","2015-03-27","27B6F58470DD23EBBF0B93F2C46C98348B8B0E4E3E142AC0888EA168DBDED66D"
"20479E39-61BF-4C3E-B597-B20FE2563EDE1.jpg","10014","2026-02-05","8B893712A2859CF6922E3E351658DCD304F72E19B84B87D3C2C9F3400172E5D8"
"4901.jpg","236307","2018-08-28","C9F8FF477DACDCA79044252E2879C640AFBBA27EE82CA245B56B769D3D8F4156"
"49011.jpg","12672","2026-02-05","9146E7C05BF38585DD6C3A2BF7CD5642FD05A543D4CCF16D669ACADAF16D1BF9"
"5292C538-43B5-4491-A671-FD46BB8C93C91.jpg","10604","2026-02-05","71B37BAF0A1D642CEB0758307145C72B63E2B43490A4A0175A2AF08FCBFF7101"
"6052.jpg","264638","2018-08-28","275DABB4150DE38F96078FD33EB17F6A677E0C74F781D981900771B9063956B2"
"605211.jpg","17428","2026-02-05","1D640739DD926706AD0DA295BC5BF5C74CED0311A877DD84B910C36459BFCC26"
"6580.jpg","195817","2018-08-28","EE1748220DBEBA0F9D50A791376135EA38F6FB6530CA4409AC90B41190D6540A"
"65801.jpg","9785","2026-02-05","9960DE6C6E568C65AE3EA88BAEE51BAC9DA9C419D709D6B3E9FD78FDD09D1994"
"6974.jpg","190930","2018-08-28","FFBB1EFD74DBFFA7F622813805963A6A6088EC19A9A9C867CD3406B300ECDACF"
"697411.jpg","11107","2026-02-05","140F54062A48A1819D9EC9FE8D5BBF94D4F6C1E54F9DE807185FA952A291DDF0"
"70095452-F260-47BB-B263-74194688595A11.jpg","12658","2026-02-05","FFD29EF5E7EFD955DC089E9C10D6341F65665C8AD52ABAC3AD18E2DFCCAB85DA"
"7282 (2).jpg","321525","2018-08-28","C36FA7255F215B5B929706AD26B3EDF939D0E1EB2732B42D8022D5B33917B12F"
"7282 (2)1.jpg","19495","2026-02-05","5ABBC08B3D1671F2CA00CEE4E24E35BE0D09A0BD2298AC1F0CE8C53547683B9E"
"7413345D-7979-4441-9AEE-1D85DD806147.jpg","16189","2026-02-05","B43AEFD19ACA5F317E43EA88E4AEE7126083E8C407A39BEFD2F11BA6E6A122A9"
"7413345D-7979-4441-9AEE-1D85DD8061471.jpg","19921","2026-02-05","A53A32553FAB6E2A3116BAF7130A31E141FA67588602A9F6A68F417414B34D96"
"7710.jpg","262561","2018-08-28","2629BCA4ABE8FA3E02A2B53D25E6EF3D2DA236A468391C2E68D03EB5C29B121B"
"77101.jpg","16433","2026-02-05","B4CC222269CAB84F8634A3257118464A1DA3DA6EDB6332CBD3660E0207B4C236"
"7936.jpg","188326","2018-08-28","8B1F507F560438CFCAA41244BAA1959F5305C3536A4265006BE0440FD6B2CA17"
"79361.jpg","9170","2026-02-05","A3F4B3C1DC9ACE13B4B9FA9F4DD03FB6DD8A08B66B8C8D56AB690B7DB7650173"
"8423.jpg","275183","2018-08-28","E303B085674B24E5FF1705DD854180E6A8122B8BC5B99984BF67A5B702E61141"
"84231.jpg","17184","2026-02-05","A0BA64668111645A716BFF53C99D8DE0D8609610AAB3A446F19A7F4201E46431"
"8989.png","5205","2026-02-05","F2DE4B14346333A9BE1A6AAA04AD50997D74A2D296A983F6E57C582196FF5FE2"
"9272.jpg","232119","2018-08-28","F14F926E63490905023D6405C0C5028530BBB9BE113E8B2997CDFC068D04D289"
"92721.jpg","13999","2026-02-05","B09365B4765790FFA0CA9966BF4D449A3FD58F632CFDB9082311EEBA714736B2"
"954E5BBA-6D81-4EFE-82BD-879FEE50E063.jpg","20910","2026-02-05","D586706FCC7850FEE8E87959565BFCFF06125233F32AC9E2914C6990A2919D0B"
"9871.jpg","165134","2018-08-28","01CECF2A771DD1329FBDA748895BE61166189DD096E0FC19FA0CE0805BCA66B3"
"987111.jpg","13184","2026-02-05","0E67F917D8F95F6CF4D3458D35F284E6B12784999F9706B714E3AFB97471DF60"
"9976.jpg","271437","2018-08-28","CC2CFC85975B4DA61A31126496DBAEE57E514151FAC8D6ED48190024112B572C"
"99761.jpg","14907","2026-02-05","1654DBA6B42C777545C3C50DE8A49386739C8BA712C2CC9927C426085E680B68"
"9E27DAAD-18E4-4A51-9DC1-B1FCD39609C31.jpg","21412","2026-02-05","A2C5F72A4E36585AD61A421153FE6EDA8527E78BBCA94B6EE2E3C9FBAFEB2826"
"aa.jpg","294242","2014-01-28","5BBCA98A26D9ED54E9B44BD6BD88E463D9D9CA2F31E2AE355763AEF3D37F58EE"
"abc.png","188932","2017-11-21","7A805219C555C1B25B87804D8FECEE6271D801496191C0DCB00256C9E3DE138A"
"access.html","15016","2026-02-05","E2EA1C6A39C33CDA00D86582A200F79FB7348E000CEB2AC3295B41A9A53F646B"
"af9920045479.jpg","15311","2026-02-05","1937D296EC618C2F0ABBE9D2CC0B03CD89835FF163F3C9B334523FCA8DA0C256"
"akiyama hiroshi.jpg","72311","2026-02-05","87A59B0FAF413A267F78E8289A23116C1C64C1D08C60E248374CCD24B552CC72"
"am100_fa002.jpg","140530","2013-12-05","71250197CA083B7F4076082C7A0F0A81D559E64222F6EE20609E1EE1DBEFDB01"
"am500_pe045.jpg","180639","2013-12-05","197B9A14A23479B28750825A3795260C13064FEFCC34D04DBABD567145631493"
"Anger.JPG","319332","2018-08-28","FBD7451C64498467613593377BF85E0FAC0C2C6EDA9760B77D8C83BACC3B8F40"
"B07C38A4-A135-48D5-86B5-A5C163EAD9BE.jpg","14360","2026-02-05","67B09F647015BFE0DE44C99B880A738A9BD7D128898F8EFBE8D4B895A53E6B3D"
"B4F3B6E8-FA75-4CD5-82EF-486D2C16BA0A.jpg","15152","2026-02-05","F03A4E97BA136BF0FDCD613E6413F7A7356B763E5F8C704678AFFA6F04144937"
"b64c8e594deb89c615eed93961e03b78.jpg","21159","2026-02-05","62720732BD8E00CF67E2F555F3FCB6C8B14A5A43393CE2E959518D6B75F4CB00"
"banner_5H_031.jpg","3421","2026-02-05","0A7C306FD53A3B9D34251E19DD82CE0C7678865FFFB635C03D2DD877219A4991"
"banner_5H_0311.jpg","5515","2026-02-05","675213996CAA886FB7D1CB2DDA5BF41DA423C1F0CC3FABAAE42D2531141747E0"
"banner_5H_21.jpg","3894","2013-09-19","61F4939FD80474B0C8572D95489522C2B359AC77DA4F302D98D921EE896F65D2"
"banner_5H_211.jpg","4464","2026-02-05","74F0ECA62A620E8AFF694B4B8903A35D634BF456CF645A25F788D7E5637C11E7"
"banner_5H_211115.jpg","4684","2026-02-05","787281BF05163B167587A81B6ED8CC35A90E937077CF21B38C3A97E1EF567955"
"banner_5H_kanjasama.gif","10250","2014-11-15","0CFBC6350D45A79F207E8FC5BDC2F2D470F516BC5852AC808ED20601377F9FD7"
"banner_5H_kanjasama1.gif","9009","2026-02-05","393F037E7950E156F0ADC5889182396D44695A0F02DC94F9A0372379A43BF7EE"
"bbb.jpg","275834","2014-01-28","9CFA3EC807988D1CA2C3108DD264F8E5597DF104697FA1DACD4AD7AA07BEC24F"
"beauty.html","42162","2026-02-05","EED54259A2D1B1C903696051588C4A6407718607E865E65D2FDF4127161E6DBA"
"beniayu-02_okyuu3.jpg","10116","2015-03-26","773C0173634B11A48DD5E3B59EF12630BBC1F12035CDF7DC25148530C629D402"
"b_01_koshi.html","9459","2018-10-06","8B8FE47C7B41CBAA7A7D2A070E5DDFAF43953FCBB87DA11F3DAC62C07603EFE5"
"b_02_onaka.html","8160","2018-10-06","28065A422EB2EB0BEF08DE4FDE245A95EFB14F7E210DBC4DB0B224FEE9A97E36"
"b_03_ityou.html","7507","2018-10-06","419A77F09A278BF96828E9D6D397E67DFF32B2AC445D6CD126D115BAA2181256"
"b_koshi01.html","9459","2018-10-06","8B8FE47C7B41CBAA7A7D2A070E5DDFAF43953FCBB87DA11F3DAC62C07603EFE5"
"CA3J0772.JPG","1785509","2013-07-01","5FFD5FF6FF18D498368A7C7A21731D31C966DD0F81822D14376623CB3B1A65DF"
"CA3J07721.jpg","12769","2013-11-26","ACF1B9CDFB84907A79D078192837B583F8BE249EB5F025B7A4CB612838864BF5"
"CA3J07722.jpg","11752","2017-04-18","9549F3052F15FC42EA7CFCD980FBAB0430650B5C9F200CA41BDB885ACBF4A099"
"CA3J077221.jpg","10491","2026-02-05","F68F6A0A272499031358CCE0F981C5C9AEB4723B0FAB0E368158E73F4160D818"
"CA3J0787.jpg","23661","2013-11-26","F8133A7D9CD8608C2295E9B171BA594FC7B5AA45B13AF0E433946DFCA0B3AD44"
"CA3J0788.JPG","1634330","2015-01-20","0969E2531570D3F201944D075E6FB778D99BAC30ABDBB2F729D5E27D9B0A4BA9"
"CA3J07881.jpg","12553","2026-02-05","47EC0DB5AD391415B4CE38AAC74DD2002092C27251B68958169CB1D72B22F42D"
"CA3J0793.jpg","16001","2013-11-26","66D09A85148A870EA2B8BF7D5AF4AF280FBC2DEE0FE17A94C6C18230B36EA863"
"CA3J079311.jpg","14792","2015-03-27","8148867B572B64ABB477604E538A4642C42F4C7E7186E3DC30E609AB2C4B4909"
"CA3J0793111.jpg","14792","2026-02-05","8148867B572B64ABB477604E538A4642C42F4C7E7186E3DC30E609AB2C4B4909"
"CA3J0794.JPG","1840172","2018-08-28","084662DC864B0EC4356C5D5E2696C3CAF84A7A81CFEFB2C89A1E9C29A2406C1C"
"CA3J07941.jpg","15548","2013-11-26","2F1BD0E66C4A27C11ACD52451BF2C337948C10AF40F53F45D2BFB40BD2EC74E6"
"CA3J079411.jpg","14042","2017-04-18","A9B9F46D8A49DF67D2C27068448C348AA724C20452957545F1486D8E2E9BA7DD"
"CA3J0794111.jpg","12950","2026-02-05","D8E71DE7118EECF3469C204B02D2F5BB52B3509633A4062E0D0F86014D449EE9"
"CA3J0794211211211111.jpg","47619","2014-10-31","523F2CA07F46D83B1FC43F9DA483F25881DAB6172810043514E5B67FC1C14A2A"
"CA3J07942112112111112113111111112.jpg","45575","2014-10-31","10162D2408A82F5B63D9F49A93E4CE6960ADD3E93A8A7623A70344C2BFDF6390"
"CA3J079421121121111121131111111121111121111.jpg","41499","2014-11-02","69C759ACEB96CA6D357B4E8CBEBE97F7ED04EB6C31C7F34536FB5430A7AE8B1A"
"CA3J07942112112111112113111111112111112111111111111111111111111111111111111.jpg","26183","2018-08-28","213562C381D5A8392328C2843F14D656AA973397067283A587F96DCAD6153078"
"CA3J079421121121111121131111111121111121111111111111111111111111111111111111.jpg","17507","2020-06-23","F2CCF52DDDDC4D34403225F04FFE80460E3182ED1C47A95F0E0291C092CB1C1E"
"CA3J0794211211211111211311111111211111211111111111111111111111111111111111111.jpg","38056","2020-06-23","938BAAC025AFC8CA644E70FA8AC25BC0A5F9157C99925DE3638B3F1DF4B7286C"
"CA3J07942112112111112113111111112111112111111111111111111111111111111111111111.jpg","37422","2026-02-05","F825CAF306BBD38B98E30270CB25774578A6C79DCAC40DD64D31C2A9BB48D714"
"CA3J079431.jpg","14367","2015-03-27","C9209F17478812862CFE75FB0C5182F9D8479B94EE73B050FBF6CBEC692AD67B"
"CA3J0794311.jpg","12973","2026-02-05","4DA07095FCEA4B384855FF3CD683A3D1881C41F45794B87B071EDF62E4B487F4"
"CA3J0795.JPG","1924304","2013-07-01","55BD911ACDA7EA373C499626B2F373625353ACE0E07C0F2FDC379FCDAE86836F"
"CA3J07951.jpg","12765","2013-11-26","7E56CD10FD6E899ADCC2C0B37D1BE9EC806577E8F2AAD76BFA8246D6C7D98C51"
"CA3J07952.jpg","11873","2017-04-18","1BD7EA81E43FFBA16FE8949DFDA632065F4F39D244A35B5AD46437B8E0CD4CE6"
"CA3J079521.jpg","10686","2026-02-05","6CC2115DBD6F484B421BDD27D740483DA786E52460D23C872CFA942FF9AE9FEC"
"CA3J079911.jpg","11866","2026-02-05","4BD34BCDB62F48593E41178ACDDE72E0DE6D98B951A7CB723541F7037A45C8CF"
"CA3J0805.JPG","1833456","2013-07-01","C578C7D2C0F82A8FD2004F3D2F6F5213C1108F01D45B65C2DE51494AB7F08E73"
"CA3J08051.jpg","8690","2017-04-18","875D8AAB66AC8931BC73E0E1A7BFF705BC830224528C18D96C3902737965EC84"
"CA3J080511.jpg","7832","2026-02-05","E2184387D948611D88D94452BDEC906380C703122117DDB4047FA4C694708DD3"
"CA3J0806.JPG","1727834","2013-07-01","398D684D5C4D0AFD8F33C117181E8026C7EAB52C05EE415B1A8C6D974BE318D2"
"CA3J08061.jpg","8702","2017-04-18","54DA2B79744B5A3035ACA7B78C023D76BE057F2EB7C5E9281E619EF5B0FCC280"
"CA3J080611.jpg","7825","2026-02-05","66892738A62F56506BC3CA0A3273D752E70863DD8BEC75AA4A1E7B03BDAEC082"
"CA3J0809.JPG","1805013","2013-11-12","309BB9FC876EE78E191EF31461546770145EF6D095FF2A0C445E5E9DB2FD381B"
"CA3J0813.JPG","1867964","2013-07-01","2DE12ECF1F1A101279FEE70A9ADBD90A37CA99AA5EE0D1282DD064BFF278585A"
"CA3J08131.jpg","11775","2017-04-18","7EC4BAADC48294C780924C1D8C048FBE08CB2C0C59960CF674359D201E064585"
"CA3J081311.jpg","10568","2026-02-05","A9E992AEACE8B4E0BAAB85C0533C52546D2012723F0BBD7DAED74CC2410981F0"
"CA3J0819.JPG","2025868","2013-11-12","8D9B6C473EF4D1FF6A389755F200E9BC6EAFBCDD0D8897480133D5B8DF110774"
"CA3J08191.jpg","10763","2017-04-18","A39EB6C30D5EF2AE307303525F324734971A8CF904AA5FA31DA6CE1F1C75A786"
"CA3J081911.jpg","9679","2026-02-05","2E9AC8BD2DEA245C5C00A2C462734881053759690CDB661CA0E36AC38205C096"
"CA3J0825.JPG","1744030","2015-01-20","F167A819B8646D758F74A98676A248C3BF148AA235FC5E9A6C853A3FF5E1A9F6"
"CA3J08251.jpg","9438","2026-02-05","69E8FB49498101CB39DD819FAF886B878AA123432B92FCFC7BE0E7CBFCE42945"
"CA3J08251111.jpg","23022","2015-03-25","FDD1D04D2A74B0960C0E06A736D8962A1C187890415A5F89E2439912C8DC1C9F"
"CA3J0834.jpg","19286","2013-11-26","1B686EFFBD0151B9B3E4ED53291E84C494A09773343FCCE3F79986FC4D1AD704"
"CA3J0836.jpg","17622","2013-11-26","E1EE67733EB81CC33E0CC187F490403F3500A79F16B9C471D7EDAB2FEE81369C"
"CA3J08361.JPG","1898614","2015-01-20","12F96BBFFD13D53FE5BE2B47FEA4489479FF30036175A5EC8FB9D671BBE1CC69"
"CA3J0836111.jpg","7191","2026-02-05","C36AE203F01E862E36B5B2F59CB7727EEB04A4273AD930846EFE557E13BD56A1"
"CA3J08382.jpg","13614","2018-08-28","BBB51FE15EB39DBE0C72FA740A6698B3FB9EFB48E6595DD85CF389F4428043DF"
"CA3J083821.jpg","30191","2026-02-05","8473C2C71BE99B39CB39F988F53F2F0409932E2C045013033D479E219CC5B7F3"
"CA3J0843.JPG","1679347","2013-07-01","EF5A7082D9B2E5CFF1C4D32032FE1A70907EB5D79631C6BAB88C05052513E504"
"CA3J08431.jpg","21700","2013-11-26","0855C97BA3AC347DEABAE12B2DB3CC6DDC8327D6D66F7152174F686F04486EB8"
"CA3J0845.jpg","18574","2013-11-26","C70F97E96801BC57A1BFFDC60BCCA7AAB93225CC2CEEEEA2B914FDB781209BF9"
"CA3J0856.JPG","1922431","2013-07-01","96B0E8E154818978D1244B8D30CD2D5B20F42689E30C3DAF16B886A7CAA9EB09"
"CA3J08561.jpg","14795","2013-11-26","E3B2191B69FF86E942C1E18F1FDAFF3444A6858FA1356DD9B0B779813965652D"
"CA3J085611.jpg","17001","2026-02-05","638FE8F32B855C1F243B99BA8DDD46448E7B8CBC34C4D769F022A2453CE90E8F"
"CA3J0856111.jpg","67194","2026-02-05","A3097ABA826DF8CEBE1195B0516FB4BF4A923A9C7B44DA97E09EA226C38F193D"
"CA3J08561111.jpg","28651","2026-02-05","862F6127662905C9A948B03F7293E14376C9234B9082ADDBCA216E1429BC9331"
"CA3J0856111131.jpg","13836","2015-12-18","E2BFA4731CBA9682BAE823ADC547A788CE2398C74077257209579387C3FE8F7F"
"CA3J08561111311.jpg","12368","2026-02-05","9DEC00DF6C2830A01D1190C8E5AE2946FF597352061150C1A1A6230654BE7D5A"
"CA3J08561111312111.jpg","6608","2026-02-05","67F2BDA9AB4E5E132307BA9BF6C0C551524B270868A42FEE677FEEE9DFE13322"
"CA3J085612.jpg","17285","2026-02-05","C659429828F438EF8B56E8611C59252C3FD9DB4B8592C1E82278749B110ACF87"
"CA3J08562.jpg","13301","2015-03-26","696119892154F59B610EA50DBED6E388B50D216DAE6709CA5DFD828B1B91B7E8"
"CA3J08563.jpg","13712","2017-04-18","8006501CB5EE067A12874600E3C466197BB1E392D15E83DFD27ADB9B96BBC9EE"
"CA3J085631.jpg","12356","2026-02-05","59FFF8FCFB79014D50511198D18EC7A2E7534257244CD77826FC85CF1F0FBEBD"
"ccc.jpg","1028604","2014-01-30","387D6BA0117C5D73508FABCB1DD350F4E7BF619A006F4FC96C5DD10BB19EE730"
"clip_image002.png","167","2018-08-28","94549DD3B709CD3CFA3A5B6D0C3EB8AD6677186F6385B42E641F56BBCA078362"
"concept-img.jpg","9828","2013-07-01","EDC1BB11B93BAAB98EBB77E00CCCA1BB51878C5C821B6640D96F388CC760B42F"
"concept-img1.jpg","610460","2013-07-01","2EE5B2CE6F5625AEDDC5780125965361DB498AB78DE0BBFFBEA3318F65411055"
"concept-img11.jpg","9503","2026-02-05","D87D529E9C79422B02218B8AF7A9D5F29081C0573291E7E9DAE0C58C78D9A063"
"concept-img111.jpg","65399","2014-02-25","B5955EE07F20A52B3F0BB9CE6871C93B60684D3F0B9D46AB8F669D5B8299CA94"
"concept-img3.jpg","11644","2026-02-05","9BD02F51011EBAD61F94161B05C7FC394B3F7249E78550AC8D2C7FCCAC3E27A0"
"concept-img311.jpg","95803","2026-02-05","ACACFA7BAA372402AD94D663FE99909638A574073E91F828C3E5BB24C12AD584"
"concept-img3111.jpg","38827","2026-02-05","188FB34AF2B8D8ECEB9B0364B0CFBD1AD29BFDA7E42AEB1752475281795B14A8"
"concept-img311111111.jpg","13712","2026-02-05","3E7BBC1B12EC077F3FEDE385AD14CA25162AEB799F72802A0F0440941AF9986D"
"concept-img311111111111.jpg","12439","2018-10-04","FE244BCB1166F2CB8E72F6671D88C5F211AD3CF294A7058825A025C7E86EFF1A"
"concept-img3112.jpg","85058","2026-02-05","57F0D61DCC9F4C80D718E5AB21F4F2ABFB137A524A357F723856FE23FE5518BA"
"concept-img32.jpg","19047","2015-08-10","0E9040D00F88A65D80368E730A8B5DF8CE7791545EE3F420AD03B93D38088B41"
"concept-img321.jpg","26172","2016-02-01","79208ED092E500C442280516CCBEED9DBCAE4CB4C035AC8BE8A4F88BF2822415"
"concept-img3211.jpg","19228","2017-03-24","675D4FF1E4D06E862947DE7FECA9F84C66924FD4F6931477D789EC9BA100E5D7"
"concept-img321111.jpg","18139","2026-02-05","F0F285827D38AF789D53096C773A851B26F11E7BEB59C29F3BEA8AD553F22225"
"concept-img3221.jpg","18262","2015-08-10","41EF64876513AA4F4E8525AB63BF6D644C6F0647731A9E1641ECF75AE292C5BC"
"concept-img32211.jpg","15174","2015-08-10","2AB7D0A20CF32D17D1194589A1BC702F38B0ED366DDFB5583E0685B7D104ADD3"
"concept-img322111.jpg","19572","2015-11-10","74B6DDC36DA751287D9ACBAFFD304A0116C5433E793DB4A83B620304DD1322E9"
"concept-img3221111.jpg","14624","2026-02-05","BDE0A743207A4B6BDE35F550F8E271C27985691847978D8BD03FC04CF650DC60"
"concept-img3221112.jpg","19572","2026-02-05","74B6DDC36DA751287D9ACBAFFD304A0116C5433E793DB4A83B620304DD1322E9"
"concept-img322112.jpg","16913","2015-08-10","95163D0D5778BCF924DA33261F9D026FA79DD6927FD71372BDA8A14069BAF72B"
"concept-img3221121.jpg","41847","2026-02-05","A770F114933F3348DE5C8EB3E50D11D5AC019B60FB3F02E7BA350402251148DD"
"concept-img32211211.jpg","37668","2026-02-05","B5B3796A296FED570E048C61031A7407C73824CC7CAE35BD3FBA8B30F193EB3D"
"concept-img323.jpg","15747","2026-02-05","EC6FACB75AC489B5C8D8CD1B9AB5016885E2040F7940B04AA12740865DD5BDEE"
"concept.html","29809","2026-02-05","035AA337BDEB653252894FE725C5A5E02963062971D7064297F291B288EA00F5"
"container_5H_2c_top.css","4513","2026-02-05","D876F8C3C98CE86B6A8B33C37F322D1BA13C44762B7FA6591B72F3FE94C885AD"
"DA8A03B2-E085-452B-9BA0-A198B391B961.png","30721","2026-02-05","5FF2D66A2306CBB346810967B6DB5CC05EF0FB231752F79640F090D2C7928E02"
"ddd.jpg","1050040","2014-01-30","C31F79D768B74A806F20A252E5638B0BECB217BE53BA1FB7D37ABF9E4317C84E"
"DSC00172.jpg","20836","2018-08-28","1F1EF07141D821C8F8BAE06C0B8B20CCE829575EA12F598691B6153C3DCF7B61"
"DSCF0109.jpg","5312","2013-12-06","626C2F23F987F09C8FDE834ACC40286A2630F784DFC58628C327C9FEF7CFC50F"
"E6D1AFB8-FE4A-4502-9AFD-B1704882D9C311.jpg","20427","2026-02-05","4E7B8C8832C76CA6BD0D1BD899A8681566C7B6D675D88FC341CD7A9B3BD2ED81"
"EA965EE3-E889-4845-BF31-B34F8118BB98.jpg","20635","2026-02-05","E6763F30DFCEF4EB0AB318DC40E6F1F8208A630283DA8C5265E89AE9D9B9AF0D"
"este.html","19520","2014-04-22","CE5C97975BB68279E5F3D41486641D058614ECC05AFB860C87C45838EFBBF62D"
"esthetichtml.html","23648","2026-02-05","F59D5BBFE0D5291D0DD6F2C5643A773DB3B67036A79161AFE4BE84EE56C2B23F"
"fukusima.jpg","376274","2026-02-05","DB8147DB90A282FB421A5B1F40B51387C655647C47345E2954AD00D9699DEB73"
"fukusima1.jpg","388484","2014-11-15","583B761107FF7ECF1BA33643838D7E70BE5F38BAB42817CF1505F0726C13561A"
"fukusima11.jpg","60844","2017-03-19","35EE1F7759C0EEE1E6E9EEE3973B8050714BCA90B5227653EA5D8CFD57EBAB5C"
"funin aen.html","17621","2026-01-23","1D1518441D550FE56011D9C475EA894313A39C863D265C4DCD098F03FE3A0BF7"
"funin.html","17621","2026-02-05","1D1518441D550FE56011D9C475EA894313A39C863D265C4DCD098F03FE3A0BF7"
"FV068.JPG","889724","2013-11-21","F13DF8F2651D9419A2313B18D3D364B4E3C59D1519C5FE15885BCE661A8E399C"
"FV0683.jpg","29138","2013-11-21","2413973C87F2859A178FCF112FC0770C9D74EB0ABB9B24B96213C804589F22E3"
"googlee9db13e7722f4047.html","53","2018-08-06","3191037115D339B63EFFA2BEA1F27D56B489E58AB10CE42DE885FE15A4968AD6"
"hari..html","8829","2015-03-25","FDD41541C355B8E070BFF54A8640D12E32320BBAA8BD9339F9020086668C293D"
"hari.html","9387","2026-02-05","37573DCEF9CDE4456F383EFF40EF9A61FE4BDC65E640A1731518484F53754536"
"hari.JPG","11686","2018-09-18","DB46AD6E75B715A7ED3FA951B6199A4029518BDBD1A47D06ED00AF90A1BA8E95"
"hari.png","44900","2013-11-26","0C5FFBF2E19268373B46B965B4ACE67EB34555784B31711AB63D5D784512AA41"
"hazawa minoru.jpg","327723","2014-11-15","969C0A6B8009AE5B8E7B2F94063870E76D513690E3E985976C2D11B99742C6C5"
"hazawa minoru1.jpg","55291","2015-03-29","9E2E02200897F3D8D4A9C5B623F1665D965FDA4B6B62E3BD18C1D50AD8A7014D"
"hazawa minoru11.jpg","49270","2017-03-19","4CBE41FDE5230B9015130BC12C34C484DAE24FDCC729C41EA4CF1D36E512B2DD"
"headerBg_5H_01111.png","1238","2018-08-28","1CD169662ACFE9C848DB7DE18EB1B9BE4685C6110FED610EB755A7929625C686"
"hpbmapscript11.js","880","2026-02-05","FDFB243AFC1783BF7BF2CED0EFF60FA03F1FE5FD8A8B4558FED53833F8A44E05"
"hpbparts.css","17071","2026-02-05","CB8BCB88DB1A08F350EE4A4999D3ACF1F35CD1DF04259FB749BBC0A371CF538D"
"HT021_350A.jpg","2219424","2013-11-21","47B214B45E716BC03EFE0E847FDCE920ACF06A317CCB990EA488D74A75F400A3"
"HT023_350A.jpg","2721620","2013-11-21","47280D739F85556F606C8C710C085B55B6CF30E45FDFFBB788B45EA2446C737E"
"HT023_350A1.jpg","6423","2013-11-30","81E1A6F4D35C69BFE5DD83899A6B519AE4EFC0A3F53A9AFAAB428EF4E8FF923C"
"HT119_350A.jpg","15074","2013-11-30","6E067A2DA145133D5D36347DB2897F9BF6E8E76DDFCB6A27EAF1077E1864E784"
"hyoujyoukin21.jpg","30862","2026-02-05","36BA2A7BD463E0BE92D48933B7A598B898617B37829885A60D425D2DFF608B91"
"IBSDATE.png","59791","2026-02-05","7F1091EFC0434B83366D4AE715F5F9FCBF82A5B1B18202509A7F1678A6D670F9"
"imai.jpg","70990","2014-11-15","2F2F246861235B6B5C8A1C48DA96B75D329515BAE57D5982585A8EBE7C77FEF1"
"imai1.jpg","67575","2026-02-05","A48D20708EBFF0D2CADD87C668B682F7E6D26EDD571A7807E372EB6350931529"
"imaikaori.jpg","432702","2014-11-07","86BD6C851F0B92C96202E020A2BB63D82B0DC03D3FA601E85E707B2510116347"
"IMG_0002.jpg","11801","2026-02-05","2402FE9CCC1A8E6765AD0DED2E47B0AE8C819D6DE7F4594870852A27B0111C94"
"IMG_0054.jpg","18082","2013-11-29","E95FAA201E97FD9BE89F22B290E176727682EE4BA0CA82BD5C26C13AEB846A50"
"IMG_0215.png","230283","2026-02-05","FFC59D06ECAB315AE6DB6A8B91BEC5FD107D5C4EB4A17D59562FDDE3C4463DA2"
"IMG_0216.png","146166","2026-02-05","1DCB7C2B313BB497C08B421F484C6927E2D216B20E41AA878B77AD67C7EEA293"
"IMG_02871111.jpg","16260","2026-02-05","40B3D3DC3833C2ABAC1EBF32B87F9C6275A428B2E68CEF1A8D725C4E1811618E"
"IMG_028711111.jpg","13941","2026-02-05","3951ACB6F20AC87AFDBBEF57E697258F5B1E56ECC6D9B466B8504FEC5442CD60"
"IMG_028711111111.jpg","14225","2018-09-08","09D7C012E73ACED43112513538F26AFF5A1A6600C58BF3CEECB944896DB70EAB"
"IMG_0393.png","226659","2026-02-05","B32F338F075DDC6FF3BD309FC8395CBA5AEED44943F8CCE41CC00C0F4A12B0F9"
"IMG_0444.png","157251","2026-02-05","64CE0AF2ABC4B3EDF393C1FB447B2E808DEF87FCFA6BFE347A6702DD6F32F6E0"
"IMG_0716.jpg","289020","2026-02-05","263F6FB273D8C2F24187EA5FF2121C6A9287F0F32A7134A2C04DE912D1FE0FF6"
"IMG_0988.jpg","162832","2015-11-10","40F6680DCF0E4D71E0210CD02B8D2B3736C7DA55B619FC41715753D5DEC11603"
"IMG_098811.jpg","18505","2026-02-05","171838061BB7B4E462DB5213AF62C1EE86CC901E2A0D658869EA11030A580E37"
"IMG_09882.jpg","22920","2015-11-12","B5842FA6DDE50FC388FB817FF0C1AF1402C53BD063B2D01E91D2E4B581ABDF75"
"IMG_098821.jpg","19581","2017-03-24","0BA812519C8AA06D77BB499E1E3167785D88884103959BD6C0EBB89CA96FE534"
"IMG_0988211.jpg","18232","2026-02-05","BBCBBE99C65F1FB15B016BF2AB14CA4812C9423483F536048B90692A6C8F549F"
"IMG_1023.jpg","20534","2026-02-05","19A672E53BD6EFA799E3CEF1A5B5BDE725C7151C3DA7F288ED36DC78623DCF41"
"IMG_10231.jpg","24954","2026-02-05","37CFA0E38F7A50BF32CB3B456939D35C8EF444E6F73D4D49BDE97AAEBFE25270"
"IMG_10232.jpg","16334","2018-09-13","4F1D3B52A99C225AFE7303991A1FE0219F3A30305230D8A20583DA1CDC35238F"
"IMG_102321.jpg","18951","2026-02-05","AB9ABC4823BE2C1268069A93BE7434E35AE287728AA1704B26200D8540FF5776"
"IMG_1023221.jpg","19639","2026-02-05","246C5593228270FBFC7F2FCBA75D114868C2BC81A632F7AE2F81B63C740D971D"
"IMG_1185.jpg","10612","2018-08-28","23D6C92A9CA2D38A4CD17B641BA6AD9DDC618D697548EC9DDA2C54BAF55867DE"
"IMG_1724111.jpg","9004","2026-02-05","FF6D68C40B80BA9E409BED48331902E266FC88B261417CCCBDBE328997189990"
"IMG_172412.jpg","9004","2015-03-27","FF6D68C40B80BA9E409BED48331902E266FC88B261417CCCBDBE328997189990"
"IMG_1724121.jpg","17050","2026-02-05","0DB666FF2A6AF448B1A99936A3066BFEDF78DA5E8DE18C07C2D8871859D09C76"
"IMG_17242.jpg","10293","2018-08-28","9DB5DF4CC67B4E9089FCCCF68510BAA6C202432240858AC2FD7424AD98579A37"
"IMG_20131205_0002.jpg","9393","2026-02-05","6A3A63441088D533A215D3BAB50C94DC570EA288F840BD226B5C2A702AD8491B"
"IMG_20131206_0002.jpg","7002","2013-12-06","5B53F8F529CF1067B55CB5BE4C23B3A6366E60F93D781F898D95AE1D36FB1958"
"IMG_20141206_0001.jpg","475235","2014-12-08","7AE96ECFF707F3E1DE8A5C9FC6D8BE9A0EEEAE088960C8871622006EDA45E536"
"IMG_20141206_00011.jpg","83902","2026-02-05","ADF9445685EC3F09929CACCE7A98008E0760FDD3A0A55B8FF4031877572F105D"
"IMG_20190430_0007.jpg","16607","2026-02-05","220E46C20225C70D91EDFBB73ACD031A9661E4AA74F8FA883D033971238ADBDC"
"IMG_20190430_0008.jpg","15693","2026-02-05","8D5E77A2BE093707CEF9CCFD2DC6BE5718233218C26C010AA4EB2E896395041B"
"IMG_20190805_0004.jpg","16077","2026-02-05","A46785AB8936FF82A8A2C5D3D619DC20A309EFB39BE8DB4F98AC43C9B467DB55"
"IMG_20190805_0005.jpg","13309","2026-02-05","581765A0A7769ABE928C1EB1469CDAD893B493758D71C235126DD24AD6C98DE2"
"IMG_20200425_0001.jpg","11300","2026-02-05","B8C31C213A67EDE1E2CC5A0236591AB96C957600B8043116A96F368A908FC182"
"IMG_20200425_00011.jpg","9335","2026-02-05","F6676FF4EDD4935ECBE4A005F8900CE69DB48F1B53DA1D71C852EC50F76B86C8"
"IMG_20200425_0002.jpg","14473","2026-02-05","5241D4EF49164E5C925F16EDACA561DFA9E24DED98A17F38F63922E7CB10E5BC"
"IMG_20200425_00021.jpg","10479","2026-02-05","0E282CC3D76C30D2A025A0FC8BDBBAEE655744C120CFCEDA79532DE54087F88D"
"IMG_2111.jpg","169925","2015-11-10","278B9D7CF248EAF7571BDC1642DA5DFCD04EF49C3C0D1EF22D1274394467C785"
"IMG_21111.jpg","20994","2015-11-10","9D72E03AC555747902A360596B1230912AAFA57DF8A5833939817586B631AA72"
"IMG_211111.jpg","18049","2026-02-05","DCFCF2837DB64D0CD2F1123270F38F3684BFF30C2569CA8E5F057FA1AD3D03F8"
"IMG_2111111.jpg","16249","2026-02-05","F0C3143E738C578E50446230A45F8B13701255398986AFF959683FCA9628DFDD"
"IMG_2111121.jpg","21659","2017-03-24","951E311175C1428F336999BFCE4CBC50583AA126CBF0F508C72D68A04A7B9A31"
"IMG_21111211.jpg","20148","2026-02-05","C7913CD4896408207575786530308D3B0587A78AA3D6B6FED6F34B9395E7DEC8"
"IMG_23541.jpg","89301","2014-04-22","25C8CCC938F2B3A8F2D85C02EEA5229FDFF39A39B6C75B672635D1569476EC8E"
"IMG_2780.jpg","199640","2026-02-05","292E3C9555F88776E4C5D828B3124196834BEB6A95AA996A5BE2D86B6F77AEC7"
"IMG_2825.jpg","164720","2015-01-10","0ACEAE039A029FF7FCD14E20214219F2BB37770D8FCDF5EF2F1B1C8F8A295A06"
"IMG_2954111.jpg","15747","2026-02-05","81CF9B9F2DEBB952EA41E0C0F86CCB44A845D5FF4AD8C6F24D8308BAEC54B88C"
"IMG_2955.JPG","1772691","2013-07-01","F8E3133E1A06342CA682657295C8F07F165AE4830B96253C389342311156C440"
"IMG_29551.jpg","17572","2026-02-05","7C3914F53506C9B411B4A7CAC2FC1A40CFA6D20D6AD350F18E77480F5913D4A8"
"IMG_29791.jpg","16247","2026-02-05","764449349F7F80377B01ED14F929E8C6D55DF47291CB55D321715E86408B0B6F"
"IMG_2980.jpg","18329","2026-02-05","C8DF443670906AABE808479648FDFB23B40C70D33CBCABD8EFBBC91BE954CCAC"
"IMG_2982.jpg","11649","2014-03-02","2FC1DEA4EC5C399585164C0136559D6419E8718FA65DC91500641C5AA9AFB154"
"IMG_29821.jpg","5880","2026-02-05","6A818F692955D03EDD19A46042AE1CA6CFEFB7E4A187DF2C368135C7338AEAFE"
"IMG_2995.jpg","21101","2013-11-26","89F7F9F5D1C8605FA51A564D0EC9E4CD86B2AD67DB79449E29CEB9861E0CB9EC"
"IMG_2997.jpg","24914","2013-11-26","C3C1507F7CE853B73ADFF0CAEF30181746C35AFB59E30236A6504391260D8A66"
"IMG_3059.jpg","12728","2026-02-05","3024424B2954A9D3E786BC31C91448CF51F488A721932A6963CE2A73C2E490FD"
"IMG_3078.jpg","180665","2026-02-05","56E3D536D1E818712B7BAB5E90BBFB57F2A27681B3A04F2BD0BDDE6441371FE8"
"IMG_3079.jpg","172582","2026-02-05","D4ADCDBCD770AC56DC0F8A73D6D76626527809FFA44151A7AFB43B1A81F5A914"
"IMG_3080.jpg","145045","2026-02-05","3E877C038010C1870042E44D619ACF0261A264576ECBC781A0E4F8BB7C5644B1"
"IMG_3081.jpg","235034","2026-02-05","AF4BA1021EA8BDBB448348E017528E320DF13FE14F8E71187BABDE5619472F32"
"IMG_3200.jpg","16988","2026-02-05","154843F2694FC7D4D454654F19D671C0D839B20CD398B86F2DBD945A7FA3D370"
"IMG_3201.jpg","8975","2026-02-05","2844B003AC345E9E0FE9BEBAEFF34C5D65CA55FC0163018C8C041789D7C01C01"
"IMG_3205.jpg","14974","2017-04-14","FB2FBB3855E1E8FCEB4FFEEAD0EE6778FEEB4153D5AB68AA579C1B09B5354911"
"IMG_32051.jpg","14974","2026-02-05","FB2FBB3855E1E8FCEB4FFEEAD0EE6778FEEB4153D5AB68AA579C1B09B5354911"
"IMG_3206.jpg","12929","2026-02-05","5F7E78A4188FF54011CE1D77360E620DD36A8C9372028CDB2DB3C6E5C887ACBF"
"IMG_32512.jpg","205087","2014-04-22","B30F2663FAEDEB4BA214B0E3D52C11EEDB1371BD958F753E42D27F813FE6EA25"
"IMG_3251211.jpg","12220","2026-02-05","3B864D9E8FAE68E2B8A1DC2B8A1B2FA548150097CD2BB2AB5B709FD93A67870F"
"IMG_3432.jpg","222204","2026-02-05","B0F81D79F1FB8504C3F5D0276B6929C26D843D5F3A1BDB5FA5953E82267EE2AE"
"IMG_3831.png","185620","2026-02-05","B5B0F8E9080C245EC2A7C938662C1A6F5EB8540755429F655EA2A8F3337FC7C2"
"IMG_3980.jpg","82280","2014-01-28","0C9228FB8A91D04B644F129DEBE4AC035C1F664C69FD37BDF256D448157B3E6F"
"IMG_4083.jpg","244247","2018-08-28","472293EB879718E4D7C5F3C782A984647A329ED6A313761821B3C849CF2F0CBF"
"IMG_40861.jpg","16886","2026-02-05","BCA6E26EA29F0FB4A1F9F232296E05CA9D579913124F146E505BA39279EA2B26"
"IMG_4089.jpg","14118","2026-02-05","5D20DDB9A5F5612C0EA4C8CBD9864B3C4CB73A9FA5427ED8716EAAA9C2C8F167"
"IMG_45131.jpg","30439","2026-02-05","EACED16214A231FB14FD4CBFF331DCB9C305990ACC4DDA8FEBE4DFE71610B8B1"
"IMG_4654.jpg","15350","2026-02-05","0116BE9B7A5CA65A63092254E109465A9B1D70BA0275600ECC2F64AE79B04730"
"IMG_465411.jpg","13030","2026-02-05","92EDBB402110FDE453E814427AF4511317C6B57384AFB2BD2493D832B9386DB2"
"IMG_4740111.jpg","15794","2026-02-05","13A6AE9AE54478AA0D4F0B3EED7D33B8003EF6E42255ADA4C2501F925AA5696C"
"IMG_4752.jpg","11232","2026-02-05","39B1A7FBECF3E37DF6AF3539A94C7C6EC9FA2DC2ACF1EB5D41450C24F87BF236"
"IMG_4783.jpg","20423","2026-02-05","0C699D16CB702CE24C01A8066F1D5139AC93C20B49DDA66C1684E786FD882897"
"IMG_5797.jpg","225463","2026-02-05","0093D2A41FCE2F4BC2C94C677866C8FE45ABBC1A1BD538E6A3AFCB2E1F6B9C1F"
"IMG_59164.jpg","87836","2014-04-22","52AB6FD9D43D6BF1ECB99E6EF57668F266D223317EC937A8D658614CE0FF6B29"
"IMG_591641111.jpg","12085","2026-02-05","5BF0E47798E436EB9A7F63AB2BCCF37BB7D699E04937CC9FDA69C2FC0693C62A"
"IMG_6052.png","62778","2026-02-05","4459EA9418CEC2B49C9981F33A472496F456DBF81DA49579046C85DD7452E1E3"
"IMG_6053.png","60052","2026-02-05","D993132E54D31B166A14724CFDB6ED29BF8B8689AB28552B5AC6228748245BBF"
"IMG_6083.png","164762","2026-02-05","9A2546A20E383276CC85AD274A7CD580C960DCC4E97C3A2FB43B3667AFB393BE"
"IMG_6108.jpg","15850","2013-11-29","7866517FCD43615D7E9013CEA7B2D51359A49570182FD076A8835D69760A64C1"
"IMG_61561.jpg","16797","2017-04-14","FF875ADD0FEF01F6E432B201E1938F56A7536B5E29D17F1BF2A11473CE73B8ED"
"IMG_615611.jpg","11351","2026-02-05","AC6FBD9A6C6E1BAF7238339B37F08F70A28DFB622B8103D7F5DC2F2FEBB7F419"
"IMG_6156111.jpg","15034","2026-02-05","1E02D79B1E8B88FD586997DDC081A29748639FE437AB2997AB52244D642BAC6B"
"IMG_61681111.jpg","17380","2017-04-12","C6F42FCD904B8C1BB76FA9E6F8E53AEE00EC51EE4DFB8444F1D1C6D9B2569CC6"
"IMG_616811111.jpg","13614","2026-02-05","E8786F2334E3DC2DF42557DD1FC8E262D319A1BC03782D8363459E23DD8BACF2"
"IMG_6197111.jpg","16371","2017-04-12","AF7F4B7AEA6DEAF7CCCA450C422417FE1F68D04469DADDFDA83F1F9E1A88A1C8"
"IMG_61971111.jpg","16979","2026-02-05","436BBF1923B98B49824729554C0E9054BB3EC85E5D92C57AAC39BC852239A321"
"IMG_6511.jpg","216882","2014-02-25","84A1207034EB275810F9A23CE18395AF3CE5CEB8563FC096D7FF33283CE8E5A8"
"IMG_7358.jpg","224613","2014-02-25","C3CBFC431767DAF8C1575FA61B397391A1B0A01B396DCBAD0486762AA10F450E"
"IMG_7391.jpg","8182","2013-11-29","101E0DE5F8E101C41E064ED4B121D6C6CCD2AE7E059CCB2C47EEB0EC0A64020A"
"IMG_76741.jpg","16411","2017-04-14","434F0546A6233F0985DA684E9F0497BF88FACC901494E918E2ED80A867FDE76C"
"IMG_76741111.jpg","16726","2026-02-05","AE9EB5BA1EFE667EEC340CD99AD21E263CA9DD543361B51CBE9240FCD545741F"
"IMG_7677.jpg","13308","2017-04-14","7D2CE26976481237E0F89CEBEC82A6FED650519587187E64F18FEEF6FDA52B23"
"IMG_76771.jpg","15098","2026-02-05","54EFEDC530C5463406B31421A424F31F072DE3BFCAEE56DA106CF70CDF2FFEDC"
"IMG_76931.jpg","19742","2026-02-05","BE542F321E3346E1AF99C5C4113949EFC4D9D9A0BBCB1BF85392941B13EFB3AF"
"IMG_8026.jpg","18346","2013-11-29","3B0B55E8D8D9C1ABFD8451F0EBA2F33EE8B850B72DA429CD4A053F689CF7E12A"
"IMG_80261.jpg","97556","2015-02-13","3C096F9B96332639CA6075CB906718C25356E68A346FDC7D3CBC639D3FBEE27C"
"IMG_8125.jpg","96043","2015-01-16","7A362380DAFBD4ECFF4C4679B06361B44BB00485AD8CDF1ABD4447D3A9F6F5AE"
"IMG_81251.jpg","9933","2026-02-05","EF93A4F8409278907FC40269BEE0018B13FE336F3E5050AE0BD2B84727C19E4B"
"IMG_8288.jpg","16782","2026-02-05","8D8AA25786F8843D5ADB2D0D527172D6E796A0180FBC00C9ABB8AA4D84CD851D"
"IMG_828811.jpg","15042","2026-02-05","3882C9AF2F826838A1557035465FA60FAA08176665860362329FDFA825AB01DE"
"IMG_8366.jpg","92269","2014-05-18","71099C86C3BC537AF4B415C086D0CE626CD8FC6EB4E481C9C90C4BAE6A262565"
"IMG_83661.jpg","11987","2026-02-05","10202F2BA9D4157F2E1DBAFC17295AC06EB70B9B4612608C7203C15C960452D1"
"IMG_8402.jpg","21060","2013-11-29","6C040B156D6FD22D0AC6623A3C1A26980C20971E89EA9D04B2804EE2B410B22B"
"IMG_8456.jpg","198768","2014-02-25","1C1DA99231FD060F3A80B726C06A6C81DCC89B11154CAB93691CC3676D31B2D4"
"IMG_84563.jpg","108360","2014-04-22","FDA36FF4E7D070CAFCDCD1D86A2C83C1D39E9A4E86445CE8B984CD0ADBAC8513"
"IMG_8470 - ƒRƒs[.jpg","125949","2015-01-20",
"IMG_8470.jpg","233804","2014-09-04","7CCE035075F737384536156DE9EF865410E26DAACF16620182E0138A0D295EEB"
"IMG_8471.jpg","125949","2015-01-20","43BFEC5FA2C652BF753FECDC33B78A8EA90F58D06AE903F4EB16371E0065E6CA"
"IMG_847111.jpg","7400","2026-02-05","ABB71876E4FD382310D0F62C8A1883441E0B33CBD269059DC2D050DDB513631B"
"IMG_8875.jpg","15701","2026-02-05","CF9A68F9FA7B6742C0A9E069727FA35D93FBF3E9A74673FED7B1555FA3C0996D"
"IMG_90575.jpg","91581","2014-04-22","F118BC8AF62EFFB8CE94083497FC1D9E294BAE6F1036413AEA11AF2BB4C89655"
"IMG_905751.jpg","13507","2026-02-05","7E2A36C2E87CAACD8A1AFB264912D5F5331C9E5D495E85C58A6B30DD9B07D5FC"
"IMG_9076.jpg","193314","2014-02-25","0636F200C3207FDF36593E551C3D74D89D2E53FF9BB287EC6FBB8D0D73AE6AD4"
"IMG_90761.jpg","148425","2015-01-10","54FCEC96F19A5656E9FF4557FA6C8F92964C17268576DEA289ADC36ED480CEE6"
"IMG_9076111.jpg","59034","2015-11-13","3EE413B06757229B5E254D463A554F4A400DDC55B32671E10DD9EB98E1DBCE6E"
"IMG_90761111.jpg","34933","2026-02-05","2C048A7D3FDF9F0EC0FF38EBF9423CB8928751052E936D86B29D3ED8EA19AC66"
"IMG_9095.jpg","20599","2013-11-29","1289782DCE1484DCAD3775206CCACBF064E862C5BCB706029A01F962BE28D503"
"IMG_9557.jpg","15045","2013-11-29","137B34DC91A7E07507833CE14D4265E351DCB0F17890EC3379CF9DB84F781C60"
"IMG_95571.jpg","62267","2014-09-04","F09729BF9B142C51068CF888DEE28240F2CF8CA3F651B5D4B254275AE4449500"
"IMG_955711.jpg","69186","2015-01-20","4605E6F23F08790C06CC137A4F7E92544F037B6618975EADCCC238DB3A997BC1"
"IMG_95571111.jpg","7479","2026-02-05","8C7FD7A5CBAA87E836F87CDCE04AB7347FD072321FAC339CE2AE42AA5FDF9980"
"IMG_9638.jpg","12155","2013-11-29","A15F927781C7F1C8681B7917FD8E41A2C042551082259EF12A66CC69B72119BF"
"IMG_963821.jpg","6608","2015-03-27","67F2BDA9AB4E5E132307BA9BF6C0C551524B270868A42FEE677FEEE9DFE13322"
"IMG_96382111.jpg","5138","2026-02-05","F656D733B122542E52707A51914F69539C3D75BCCEDA7D9D2E77091958FF1703"
"IMG_99271.jpg","20429","2026-02-05","B36ECF687750E54F20BEBEF28B82951701D4FEE0056064D4D45E54F986B4FD6D"
"incho.html","12553","2026-02-05","5A77A4FFEE320519DE2C8A8C6D1D2E2C4A6C493416C9B41D91E87FBF40EB1947"
"index-shop.jpg","5274","2020-03-31","D74F89F7EE064EB6CE1A62D60B6C5BB167B234A59B65DB26DF5F26B0DF81EEC1"
"index-test.html","20810","2018-07-23","5259C79576A473BF1AF1BE11912A2F4CCC42D9589C06349F5A92652F7A3F9F85"
"index.html","23892","2026-02-05","C722CC56673D02117005D976AC6AEC007DFAA7926DD855881EDD0A148C536D88"
"ishida kyouko.jpg","62321","2015-03-29","98CBCE3DCB7EED5BE646ED26AE98FEBEC283DF1DE552730171658A90CBCFF14D"
"ishida kyouko3.jpg","54309","2026-02-05","04D9A9849087A9E6B5105C65A7C9AB41BAEE1569FA3AB794956996501344D142"
"JP006_350A.jpg","3558528","2013-11-21","9E4FAC0617F661AB0A6E7677EEB57CDA65EEF0A3E13BB26EE1A971A0AA910EE4"
"JP008_350A.jpg","3272712","2013-11-21","E5AA516C879E5F887809CF02DF45424B169D27D61F10F283A2ACC1030D94A5E6"
"kafun.html","13963","2026-02-05","1BB99A7AC39914DA662B59073BFD63CAE2E41F488584CEF6629FBCB7DE761D19"
"kairopura.html","8991","2026-02-05","C098988BBC8F73FA46F3E9C1ED05489283168B4AE8CC1FF65D52D53A12116429"
"kanja.html","39394","2026-02-05","661ED425CC2DAF6BBD3FD2113145BBB345A9174C3563EB4D51A381BE34C8E713"
"kanjya.jpg","12512","2026-02-05","569D9C326C967BA06363ADEEA53DC6759AE0CA5640E64D8EFA9A4456CCB56C26"
"katamahi.gif","13190","2013-12-20","B8EB5220A1C597F9B0DDB6ECC12FD63532708C9E499745AA58950A723473820B"
"keikan.png","156896","2026-02-05","EE04AB922CE1BB3C349401375881A7E9B5BDCE05D052642581F055CCA67D600F"
"kitazawa yoshiki.jpg","36163","2026-02-05","9050E919A879559E7B605F032E04FDAFA11052D3631E1DC4985081FBF492FBE3"
"kokushi.html","49176","2026-02-05","FAED94E833A8C61C74F9FDACA973938672C8BBE7451FFCC37C7A26476A185E8D"
"kuti11.jpg","37969","2026-02-05","CC8BD63DA312D7C05E0FCBB85791CB0C6DC4F8D1C99B60A5E420FF10E8ADA4AC"
"kuti22.jpg","60584","2016-03-08","2874FC9F8DF8CABA93D961EC83297918D5989808D45A745FA5A66713BEFF45E0"
"kuti221.jpg","60552","2026-02-05","E274F6043CBC1F3B9BAFD30CB107ED501717ABF8575A08834C7A56EB5F246E9D"
"kuti3.jpg","49644","2026-02-05","EF7506A230C567934531D614BCFD1FAE3229E83E9F5D4EEEC203AA3A34C445F2"
"kuti51.jpg","51190","2026-02-05","42AB5386DF925407C47138FCA9A725C53E83201A8184633F0231EDE9AC40460A"
"kuti6.jpg","44532","2026-02-05","68D13119BBB535198C117925E3A7E1CFEC49FCB087E1E96AD9968E9D830D5877"
"kyuu.html","8196","2026-02-05","DC0793A95C68C3A57468E3E9B3ED3263F62BD4D1501F3A049C8FECE4E5540F6E"
"kyuujin.html","31419","2026-07-02","A0A36F9AE15E1818700F62DEDC14259D65D66009B2C02E3BB9E43BC737020C3E"
"l.jpg","8556","2013-11-26","14C4418E646E1493CB269B1C6627E954F4A981258FD28B8CD3A10C135B0D08F4"
"lgf01b201408070500.jpg","97753","2015-01-28","508A0FC5BF853696844A1B9624566F8925FE256066A2F60AC4380090AED87372"
"lgf01b2014080705001.jpg","7406","2015-03-27","09F07F9DD7794C2A64E65742986337858127200337BA23CC39F2221DBDEB0264"
"Lymph.JPG","44217","2026-02-05","A27309FBD5766D05A32BB9F2F30F9B01D8591A85772D5D2AE6DDEA34298D667F"
"ma- jyuku11.jpg","60025","2026-02-05","A313AF3EFC1450E19FA57D9E7A785F72209398AB5ABC44C81836C2725169E323"
"main_5H_2c.css","17298","2026-02-05","142DCA7BB42270924E7628EECC27BBFB1D1531B45A976329645475E8512A0DDA"
"mayumi.jpg","427029","2026-02-05","3AD74D0A3DCC626A08733C60FAB7ADAC3B0EC643DAF95352054E5531CA9208FC"
"mayumi1.jpg","427316","2014-11-15","438DA5C10E2041DC93560C4871F6B675828E6F78D482F57CCE5C2A3ACE416A82"
"mayumi11.jpg","75470","2026-02-05","B36A4094CC03DA193BEBFCACF40BD95D60ADFAB9E57D5544251B6F48C8224D5D"
"media01.png","282002","2026-02-05","17C400112AE3A2C2ABD731ACF07BF07DFDBC04BDDBA78ABA393A14A769E0FAC5"
"Meniere.html","43321","2026-02-05","19BA8BACF1CC8501ABE741E4CE430ADA44CFBA06D9E8D27D9653DC808AA7D32B"
"menu.html","82594","2026-02-05","05AD52E5D17A129200FFE01F2177EEB76A030297A6D890240D45EA06095F5356"
"mimi1.png","9047","2026-02-05","C181910FAEDBCD11D21364C523862D7DBE31FCDD0A4909AB73ECFF80433B99B4"
"mimi2.png","6552","2026-02-05","82123A08246560830875BFCEB1B6F95E22DA6A98F4CFABFB02954CA135080F61"
"mimi3.png","5335","2026-02-05","81FD4DF39977C1C9BEF524C2C061F106CD06271167E4D6B1034A457A550DC1AE"
"mimi4.png","7464","2026-02-05","28E856EBDA608BFC4B4228A2F23EDA0BC9353DE4FABB0DE8226EC8A7E9E3B603"
"mimi5.png","7434","2026-02-05","34347771BDC9DB207D3A9D550A7BA2B01E98DF68C401802C5422D2BFCDA8AAF2"
"miminari.html","39052","2026-02-05","8FADA683023E36A547B1DEAD5FFCF4353607E6FFDE1584BB29A2165BF0996F44"
"muryou.html","9913","2026-02-05","CDD67F6B108ED0843DBFBA1D9A9CD637DB813D8750EA6E6C9775F9BBFAAA8F17"
"nanchoo.html","16277","2018-06-13","42E8FEDCF1836BB3F79B8DDFA11654F5E1B12FE7895B5F5C3350C410A4ADDE99"
"newpage10.html","111227","2026-02-05","70EE02B1AADE7834BBFB353AC98AFD73F967404D2A7651D3ADC498630740DDB4"
"newpage11.html","7013","2017-11-21","08C498B958369BD278AECBCC2C352E8A95CD1E4A432CD0A459E40824771DB04A"
"newpage12.html","15975","2018-08-28","EFF606C39935B3099FBD49DCA37F12532938DBFED0510FA3F4EBF275CA3CCFBA"
"newpage13.html","114340","2026-07-10","BCA9C2C1F98034CBD6A34A502F633D06B8A80B75EE9371FE29D00C12B3673D4D"
"newpage14.html","63053","2026-07-02","D1E53A32C2067C326803A912E28C85B3D3403126B36DB98A3AE75426425CB0A2"
"newpage15.html","26552","2018-10-01","54AE609212530552EB0F3FC8CF5E8CB66A10DB48C226398BE04267B0167EB67D"
"newpage17.html","32838","2026-02-05","BAE797152280F61A2EC0F52EB1B6F4B2F035918EF7E26DF5811CBE762F28FDA0"
"newpage18.html","51705","2018-10-01","F008D5726812CB329647B31F828A18DF2B0DF320859470F6F0E1752F8DD41E2A"
"newpage20.html","21025","2018-10-15","1F3CA28F58D5B1394053EF30AD088A48B4BC9F026ABCFB725B9BF9E2877BD52F"
"newpage21.html","22429","2018-10-07","5C1D19B563E030D703C4BA1F0B526CEA97DA13BF3592F63CBAB1F82E184AC21D"
"newpage22.html","28254","2026-02-05","A44331129FC8EE15706C9A59CCE97927F0BF535E879BC6288EFC418B788CE606"
"newpage23.html","46688","2026-02-05","C9AD7A61FACF74D27555FFA725A457B5EE311552CA1F04AD234C04EE53709795"
"newpage24.html","20877","2026-02-05","962F4B965015CEAAD48DEC41CF967BC8236F5E30536CD1260377BCAA77B1704F"
"newpage25.html","18430","2026-02-05","16D6B10B66D9896B1F09DB6EB505DC637E40BA63A5B8F0031ADC662A86A96023"
"newpage26.html","29091","2025-06-06","3B0F77323C9696C0A44DEAFF3B6D9078AC09D8D93E5FB20B205EA55B710DA3AC"
"newpage27.html","55362","2026-02-05","F767F500336FE8685736305591D813F920304CB5F9B9FA3B7502BD10982CCE0B"
"newpage3.html","16436","2018-04-22","DDEC364B85B986D36311AD9C6557A99A3845B4EC11D47934D4C67B8A1AA1E95E"
"newpage4.html","40423","2026-02-05","5B58C9CB448EC767B4BBD4100799CD3F672FC16202D11D11221B7FEEEB87FCD4"
"newpage5.html","25963","2026-02-05","7D64F6BC72FCF325E60A70045F2A8E804763F8DA38D4A280CB079FAD2B73DF3F"
"newpage6.html","4574","2015-12-18","5CE6D99A242E5916B4D4326B900C0530E03D319589100AF9BF4DC67B1B840EC4"
"newpage7.html","13484","2026-02-05","9D08A1ABDFDCE1CA211670BBA6FF64D2B290CB48589882986DA1582B8637F040"
"newpage9.html","11283","2016-01-20","3DC8D8D7248CB136722C357C11B160C76B9EE98F2809A19C001D751CAAD40C08"
"news.html","9747","2026-02-05","9F5DEE95B104E0906FE5AE6885253A0BB2A3910BA05F5FE5E2DC717106AE6000"
"nhk.html","28324","2026-02-05","2226112E6FF8C130C135DC185982371023B415F10B4485FF00AA2A83FC433FDB"
"nobushima.jpg","58168","2026-02-05","B963664FF4BF3064FDDEBE92BDC69AF3C0CA890EEE2672AF89602D2960FE8324"
"norisue souichi.jpg","42809","2026-02-05","8EA6BF37EB26369CE9C140D9059C4DD81AB1F46E9C81B0A048A96F53D82E6A8F"
"o.jpg","21835","2013-12-05","091D8FA4D8287AA5CBDE3BE9298EDDC371379AFC6F71E599D9C02D3CD6F932EC"
"o1.jpg","48647","2015-01-20","4CC27311D9F24378BFDFC4038221AF7E8C789613F5CD7EF60C108E6BD828F072"
"o2.jpg","25473","2013-12-05","06F3F1B75DBC551D90E0635779C48C4EB8FBAA4A18EF82A51FF4F03448FB3BB1"
"o22.jpg","37656","2015-01-20","2E80A180504C1FA0898B38C7B93C2CCD348AEA3100381BBC9D10DD074133C95D"
"odio.jpg","34177","2018-07-10","D1780C2D79E183FFF372EFDE7A89F9A93157D176496CC6F9CBD00E120AF03DB5"
"odio1.jpg","29061","2026-02-05","55F074B9F9240968BCB2FC68C479ED20968EE82C84396BE1990159C8983272A6"
"odio11.jpg","42607","2026-02-05","B237576E7A7AE7DCAFB05D7F91B4856B69376C6ED8788428563300850F11C1A0"
"odio121.jpg","36464","2026-02-05","AFC9480D223DD96D1E5A5C75306A2FCE54DCF03E445FD560C8A31F9B81990042"
"onozawa.jpg","296832","2014-11-15","F488F4F9BA439EEBC83DCC30DCCF59AA463F0C08C9767E34E323B303EC5563A3"
"onozawa1.jpg","45038","2026-02-05","274C3D886793263ED0F9BAB07A5FC57E62AD36BC351BB89F141E192A5E6D86B2"
"oota kouiti.jpg","444628","2015-02-20","6DC9BE8BE226631FB3DE5A17A22DE25603ED5A64500FE368ADB8E21D2D8507AF"
"oota kouiti1.jpg","87806","2015-03-29","3AD5FE7EE7FDAAE37761DD5B23C7614CFED76F38D8E36D96092F5AC97BB95F32"
"oota kouiti11.jpg","77994","2026-02-05","6A10E914015B55E846FD5E591E76C0C11B469388CDCA074BF4F662B374B8B3ED"
"O‹r1.jpg","275834","2014-01-28","9CFA3EC807988D1CA2C3108DD264F8E5597DF104697FA1DACD4AD7AA07BEC24F"
"O‹r33.jpg","294242","2014-01-28","5BBCA98A26D9ED54E9B44BD6BD88E463D9D9CA2F31E2AE355763AEF3D37F58EE"
"pic_a00697.jpg","376816","2014-04-22","6F5FCE48E8F3B023FA8A1E1DB51F71E4AD6143507C97E49443B6A8F7D1F7B5D1"
"pic_a0468.jpg","670907","2014-04-22","F7E7C045453E1A0339BE96DA0C6CED02C78D21C6233F133595D467589022A1C9"
"pic_g003.jpg","62142","2015-01-20","151A1922EBDD33DABEA9CED92285FD1DDBD24229176A77D712CDFC50D317F3CB"
"pic_g003111.jpg","6630","2015-03-27","BCBD41255B396A2305A5D768BE8D38682ABCD49ECF87344F4699B3283019551D"
"pic_g003111111.jpg","13385","2026-02-05","6062D7BCF5856F3B0F038E6945787EBA2B95114163CAA7F671029558055828C8"
"pic_g004.jpg","428484","2018-08-28","27979899413ED57B976A27C282268879EBDDA932136623FB32383E74DF37AAEB"
"pic_g0052.jpg","185817","2014-04-22","9762E72E1FF92F63527279801E5CEDDACDE0058F4BC64EB0FAE6F1D0871C7439"
"pic_g00521.jpg","8421","2026-02-05","32CFD4A5D8CD2723E37DC435775A8501851FA2DDEF9BB67FA3103E9D9E1400F6"
"pic_g059.jpg","453682","2013-12-05","538AD7EF23740C81772A16BE8255B8768D18D212B72A2B2B5F23D89C2984BC64"
"pic_g0591.jpg","10931","2026-02-05","023979C6AEF31C1677EAF41828625FE0FD200593BE5304E3CE751AB91D8D8540"
"pic_g06311111.jpg","16408","2018-03-01","55B1408BDF1C0452F46984D8BD738A5CBABFEC1E7AEDDF9358618E314AF3457B"
"pic_g063111112.jpg","65893","2026-02-05","EDC2FADC2A2B2F0A7345DC33AF62C1D909CAD3D80E1D3FF5470507F7254ED7B9"
"pic_g117.jpg","355776","2018-08-28","2AC2F5CE8BF366EC780C13652B11C9B1FD27468E67EDFEA8B1283C36CB8AE684"
"pic_g11711.jpg","8516","2015-03-27","DC0148399C360308EC9C114E238F4AF5CB4D27930DA245BBC981BE7B9C516B0E"
"pic_g11711111111.jpg","7434","2018-08-28","6B8FA4B616EE28F844165E9F442148FEAB35AC6801373D2EAE4D96BC94A0B159"
"pic_g1171111111111.jpg","7434","2026-02-05","6B8FA4B616EE28F844165E9F442148FEAB35AC6801373D2EAE4D96BC94A0B159"
"pic_g11721111.jpg","9141","2026-02-05","D36D4BBAD428FF5C78E1AB3700B5318F7BD699F4F51B9DB22ED3D4382C7C984F"
"pic_g153.jpg","184637","2013-12-27","8D6E56C5986AF8817C1C5C9D17BEAD719E5956C0DD9544207157221E173E6A05"
"pic_g1531.jpg","16502","2018-08-28","9E0A9F77DE2A5ABC0742A563C0541051A257CFB1E65A4890C8DD90E54006D4A9"
"pic_g156.jpg","94972","2013-12-05","909CE8B09C5B408E826EA4467E1D47E1B4F07BA8EFB17BC5C532A5104F74D212"
"pic_g15611.jpg","6697","2026-02-05","DBEAFA75AFA92B197C7F463A1E84E2996A6D50BB3F24EC2B43557C50DF925686"
"pic_g1567.jpg","94972","2014-04-22","909CE8B09C5B408E826EA4467E1D47E1B4F07BA8EFB17BC5C532A5104F74D212"
"pic_g1665.jpg","79865","2014-04-22","588768D1BB557978A367A3CD7071DDA334970C5D12B1B78DBC2EEF31FFE2C830"
"pic_g203.jpg","124441","2013-12-27","BFF4F5CCB6F8F45CADC890266F1DC9AC7A590CF616C7CAC68F64C93ADEC59D38"
"pic_g212.jpg","99700","2014-05-18","DA5E9C41EA04F9E92610BB3368E5FAE83CF99B34A09714D88CCFC34590D989A5"
"pic_g21211.jpg","7084","2026-02-05","856346D62BB9AB2E1FCE8245C119C02B68EF13DC990A7C40E6EC7FF6EABF758E"
"pic_g2647.jpg","166667","2014-04-22","50F9BC31EFE591FFB20C5A0470F604E8AB5A8F46BF49724B3E99D464753054D8"
"pic_g26471.jpg","10459","2026-02-05","2F31F259FC1C1BAD4FF445C701C5CB966F92E54B18CFB7861C5BBC942AA45BC9"
"pic_g290.jpg","296368","2015-01-27","93314428373993B2698707552AE5DFB99223F2FF99613551FDCE4A1A12A003F8"
"pic_g319.jpg","175066","2013-12-27","DF47EBC29C5CDD899FC80A61A5E9C912732BFD4AFE415947C6C4866F6002C999"
"privacy.html","10357","2026-02-05","7F7D96D702388500B52FB409A7A954FBA8FE767F3406C828A1C62C27C1B73A0D"
"qqq.jpg","6747","2014-03-02","14C8CFC50F84DE5C1D1C2A42BF39EC6983A0FFA1FA1C4AC41F7C065FDCABDEC1"
"reserve.html","9572","2026-02-05","844C84D10BD4D255C15EDBA775FCC1B03A7EEB7E1E34CA82E822982FBA557BC6"
"robots.txt","74","2026-01-27","B97F6511F22A95B3ED14BBB0074A8E1964D1A92003218009CA0D1077046295AB"
"rogo3.png","22640","2018-08-28","E50935413B4BFEDA69EA9EDFA660F85C589C27109C4EAB4D8AF68828C590D7CC"
"room.jpg","15102","2013-11-26","1CAE0F5B783C318973F13879973D89EE6D8503FA4FE9B78183FC6D49BFB1EDE6"
"room2.jpg","15466","2026-02-05","3ED2DC6BC79AA4B4E1B6F2AD38A02931D73DC244D834E3D21E155F024E3F0D4B"
"room2221.jpg","15466","2018-08-28","4FD9C58C7384C851AA5B69D9506961822B37D7FBEDF348A52D6B8C08E9DAC61A"
"room2[1].jpg","22429","2015-01-16",
"sakago.html","10781","2026-02-05","F27932FD2C2DB957D366BAD5152FB1C865D32239113F74E554475FB825DE1063"
"securedownload1.jpg","15159","2026-02-05","2F31C3DEC1734820F270761C2810FF391A6EFEC7D25B978AD71D4EC2E2B5E81B"
"seiennsou.png","239667","2018-07-10","C7623ED895E8D1E1A81E954A84498D6C50F89D83CAA98993822ADD47A2F4D886"
"seiennsou11.png","273702","2026-02-05","667B81A20BC0147D0E710FBCECB356095F1647C2B6E99808B36DDE422730F55A"
"seirin4.jpg","10792","2018-08-28","5AB30CE7FCFA5635E1D1894B7DD54F5A8827EFFB6D07A7145743882B569892ED"
"seitai.html","12870","2026-02-05","CA6247BFFB577A3A2CE0407DF971FDD6DBBFA47552BA02A008E60D7278E0E4E5"
"seitai176221.gif","10532","2015-03-25","32F61600E1F7B5644AE1CC3A00029DDD6FE0DC4A19F8D2065B3990E102F10623"
"seitaisyosin1.gif","3796","2015-03-25","2F32AE5A8D997F60F8C6C35C95BA0874AAC22D40D8965DF446BB0D31BB974317"
"seitaisyosin11.gif","3676","2015-03-26","5B0FA855CA770A184215E6182F8D130E9CC96153BB51B0C4E4749293190AD6E1"
"seitaisyosin111.gif","3676","2026-02-05","5B0FA855CA770A184215E6182F8D130E9CC96153BB51B0C4E4749293190AD6E1"
"seitaisyosin21.gif","4103","2015-03-25","1E53C948BF0752E1987A499C18509135CCED5DA463C5357403294EE46F0A81D6"
"seitaisyosin211.gif","4103","2026-02-05","1E53C948BF0752E1987A499C18509135CCED5DA463C5357403294EE46F0A81D6"
"shiwa111.jpg","60185","2026-02-05","E3192868681347F15CF6F779903EAB63001EE5CE4ACC4F996DB10272AFF150FD"
"sinkyu.html","16629","2026-02-05","D45BD6FCE4710507066474FB5C383BBD3ADB04CAF82539279C02DB19678D0DC4"
"sitemap.xml","9244","2026-07-10","BCAEA56DCE10A4E1E64073DD13EAABF5D158D1A0020246EBE15A013CF6E6F8FF"
"Sobakasu.JPG","64669","2026-02-05","C56D4261DF0E489DD7496E86E2A0B8758F973062C862D70AABBEFE98ADE81CAC"
"taiban-test.html","75170","2018-08-26","6BD46E36AA9E7736E1512FA862E2A4B1195DC8E902F9A657A797D1FD76A87CBC"
"taiban.html","38815","2026-02-05","815CCD65813E9E3FFB3AD16380881E30E904E0E6981C4219B4922F4130F957CB"
"teion","33587","2026-02-05","85E1CDD2DB66EF084EB2AC65C8F0016FC3A01F65FF7E18B64BB19C23355F5E02"
"tennai1.jpg","13855","2013-06-28","748FA6BFB46188AD5D03770CB7F17DCDBA7E8C7E68FAB4751DD53CB0249703FE"
"tennpo.jpg","446464","2014-02-25","3BA2761B1C2CA6082D22005608A18605D8FEAFDCC60CB844BA6B36532052EA9D"
"tn286111.jpg","12109","2026-02-05","0AD139D31BBC6228D87E00ECB33887569D5CF285B5BA18F4020D4B260B2E96DC"
"tn28611111.jpg","24782","2026-02-05","9827D0E178D5447499B3388190DEF141114C2A93616350878D60455C939486DA"
"tsuwari.html","9932","2026-02-05","5F28447057BE3CABADFCC204CAADDF660AD532EC74ED8D02A0289211D98D5CA6"
"TurnOver.JPG","51742","2026-02-05","CC827B3F422AAFD45451C7CAB48712E8104FED23B0AA257BC139CA45FAD47038"
"unnamed (2).jpg","391717","2013-11-21","6E2CD3F14C6D80A6A2D87BF219056D9714CBDCFBC19E6C030E8F1F8370D64674"
"unnamed12.jpg","109412","2026-02-05","A3CCC265E441A9C1886B66DDE63C7D04F9CA3214C38CC1C75C0C35E394BEEFB3"
"unnamed2.jpg","106297","2026-02-05","E8F587F09ED6F4D72EC176BDBB11943554734EF97B091C30DE921BD304D3118A"
"user.css","9350","2026-02-05","70B23E683E30C0DF8A0A27C5E3FD6B89703F2AC385F0BF1BE85D6D05F5008363"
"UV.JPG","28848","2026-02-05","EF4A34F1198C60C8D0A2C0E1FC99EFC4A3D6F9CC2CE403482E4D2F6DDFC56B53"
"welcome.html","1141","2013-06-28","175A7581CDFC632A44E151AF14C1F1AB7C1EA27EFA1BDEDBDEF334861664E8A3"
"yjimage.jpg","15020","2018-07-27","713C04C0064DB7C4C2DCC5B25514E337DE0056E5A35C72D9BB90B84F2401FF5A"
"yjimage111.jpg","74707","2026-02-05","5AB87C1B8BE2F5BD09F950EA59B8FD42B0DBAC2A36F80C61C371B43C6FF6CFBF"
"}1.png","239667","2018-07-10","C7623ED895E8D1E1A81E954A84498D6C50F89D83CAA98993822ADD47A2F4D886"
"}11.png","369979","2018-03-06","8D248A7B1CBAD0883816F4029D59DB834BCD5AAE3C48FA2096600DB60E82EEFC"
"}111.png","371207","2018-03-06","C195389FDAA080C1BFDD062469812BFD97B6399725301C50F129F37A9E813059"
"}1111.png","123806","2018-03-06","EF99F8F318AB69CF110F2C41EAA3E2F28E3605093DE769069A0D8C72472891A0"
"}121.png","266524","2018-06-13","F49DE924A7E60BBBCE44F81F906F27A88B4E3E5867E90E98622D43C4B86BDC65"
"}12211.png","155306","2018-08-07","EF51EF8221CAA3FBF039E936C808DFC4F2EAE49F6770FAAF394142A56DB09538"
"}122111.png","155306","2018-08-07","EF51EF8221CAA3FBF039E936C808DFC4F2EAE49F6770FAAF394142A56DB09538"
"}1221111.png","156896","2018-08-07","EE04AB922CE1BB3C349401375881A7E9B5BDCE05D052642581F055CCA67D600F"
"Ž¨–Â‚è.html","18437","2018-06-13","55541349AA9E808C43836739A66E7CE548AC651DEB357B2799D00BAC41FE86CB"
"ƒI[ƒWƒIƒ[ƒ^[.JPG","76334","2018-07-07",
"ƒI[ƒWƒIƒ[ƒ^[111.jpg","34177","2018-07-10",
"ƒVƒ.JPG","28981","2018-09-18","0BB7974CCDE9AF1D7623320A733B5C6E969FFE8ABF62F3543C4FE87A3F18BA0B"
"ƒƒS’ƒF.jpg","86722","2013-06-28","0F7E0ED7A3E83A4D55752B07D818EDBAB91B0DAC632E0FE8E4AC136A0A8DB21A"
"ƒƒS‚R.png","22640","2014-09-03","E50935413B4BFEDA69EA9EDFA660F85C589C27109C4EAB4D8AF68828C590D7CC"
"ƒ†ƒjƒRƒoƒ“2.jpg","18913","2013-11-26","57A08F29737CCAC4195BA4BB8B2FFC33530965347517B32887C55F252B71B47D"
"‚PIMG_8203.jpg","6747","2014-03-02","14C8CFC50F84DE5C1D1C2A42BF39EC6983A0FFA1FA1C4AC41F7C065FDCABDEC1"
"‚P‚P‚P111.png","187977","2016-03-06","96AC3587E4A2FFC2703960B284D7F8C7FB8EE272F275F2ED13DF4FABD6180F40"
"“X“à‘Ò‡Žº.jpg","780900","2015-01-16","A335051BE851AB552A7006B71246AA28AC7728AC70D4E5246906957CB3778129"
"“X“à“à‘•.jpg","446464","2014-02-25","3BA2761B1C2CA6082D22005608A18605D8FEAFDCC60CB844BA6B36532052EA9D"
"“X“à“à‘•1.jpg","30123","2013-06-28","F7110237546808393E471C995D21BD327365FD18C3E761CB36CFEA022A4F59EE"
"“Ë”­«“ï’®.html","4641","2018-06-13","C47D3279D9B788A0178623BA8ECCAC67CF09617B199C8732F87E1C74F6813564"
"”][ÇŒãˆâÇ.png","49834","2013-12-20",
"”ç“àèI2.jpg","15386","2013-11-26","86BA7F8539E6E3A294B0C37D4D3B237471483FFD456EA97D06673DCC1FBD18E9"
"•%5Cî‹Ø.JPG","83831","2018-09-18","8B82BCDB801C54FA1FEDBFFD07018B681B7244A7F9F217738D2829E933057EE9"
"•s”D‚É‚ÍˆŸ‰”‚ªŒø‚­.html","16753","2015-12-08","0A77ABF8BB1D57B5E3B96B5ACADD08358AE4D1CBE5ABBDF221209768E7B42243"
"‰~”çèI.png","44900","2013-11-26","0C5FFBF2E19268373B46B965B4ACE67EB34555784B31711AB63D5D784512AA41"
"‰~”çèI1.png","44900","2013-11-26","0C5FFBF2E19268373B46B965B4ACE67EB34555784B31711AB63D5D784512AA41"
"‹}«’á‰¹áŠQŒ^Š´‰¹“ï’®","191352","2019-10-29","530753FDD023244EAA0482F2EBDEA01DA7D33F83DADCCE9A0B83610CC371077E"
"image\access-MAP1.gif","20910","2026-02-05","BD90C7A98613E188E8DBA8FFA28DE0A74D53E3E4B112A75A977F986BF3AEB6FE"
"image\banner_5H_01.png","32399","2026-02-05","623E8E672365C87BC5ED1830FB2996CA6A7CDBF8025C5D9C17C73C31C8E189A0"
"image\banner_5H_02.png","30577","2013-09-18","EE6DA63A4C0407E751A42A1C284E57B092AF90D87A35DAB3611507D746A4B632"
"image\banner_5H_03.png","15759","2026-02-05","586E9A35E294E671F35633E6CAD882AD339DCED2BA78436A64958A819628755D"
"image\banner_5H_04.png","13614","2026-02-05","DE54329858EC464EABA8FD8FB5B8B91F055C2BF7939087D449C9047C40114661"
"image\banner_5H_1.jpg","4955","2026-02-05","070AC9C658A09642125980CFA83D2F852A4568A71D021074A3F2E209E9BCFC6C"
"image\banner_5H_2.jpg","3740","2026-02-05","C8C62994D519D30B4E57C1D9765F834F8F8667E486DED5B614B88DA8E03AE613"
"image\banner_5H_22.png","30178","2026-02-05","40BE7D66653A334A2194BE34FC85003DF6A478931514ED247648CA923A39606B"
"image\banner_5H_222.png","22389","2013-09-19","A1A491A274A5C788FF7A5D49DFFD6247B04123DABE7BA5441F7D352AB84A608F"
"image\banner_5H_5.jpg","3896","2026-02-05","DDBCDEC372E33FA979D9A7E436BD53EC5FE1198C8FE152CA21EC9CC2A3171414"
"image\CA3J0856111.jpg","10891","2026-02-05","3E32D1616826A6FBD504C7B653EC4E1DBF19BC7868F602D66F325409133861BF"
"image\CA3J08561111.jpg","20334","2026-02-05","11CA9BB8988F7AB4049FCD472BF56F09EB0117FD86784673EEA92B6ACF76A7B1"
"image\CA3J085611113.jpg","8546","2026-02-05","3FDC51C4051BA0B16D84EA953574A073D651BA04A90C62FDCE3FB3FD4A0EBC64"
"image\CA3J0856111131.jpg","13889","2015-03-25","B193B0FEF3BDD43714483018952DBBA6B32014AF2223B0CA23BA1D261AFE90B8"
"image\concept-img.jpg","22772","2013-06-28","B1F1C28C493A5BB5AEB9590415756E6CD06BD9993BDAF5CA1DFC34241EEED889"
"image\fNav_5H.png","1878","2026-02-05","9511F3B9B4C29915025386D0B51E240A5E7ED0A1BDE4EB44C99AEFB0A925B277"
"image\footerBg_5H.png","1120","2026-02-05","5970604BA4384875B1D1B2D28540DA5B6EC41EF8F4C782AC22CBDB7208354239"
"image\headerBg_5H_01.png","1475","2026-02-05","E3D201C4A3A85C6F7A42F27E3950742577C75DCA2ED75098CBE8F59A2CCF2C5D"
"image\headerBg_5H_02.png","1371","2026-02-05","7AFBE947694AC031B13D485B2C08AF1CD102AA429C81DD2FB91ED1D2125B96DD"
"image\index-news01.jpg","2118","2026-02-05","61ABB304054A77F27793F06D9D1BF9A1600C048214ED1879E9CAAC293E1A6FAC"
"image\indexBg_5H.png","11200","2026-02-05","461F1DE9F0867982B643467E68EE7B4E06E9AC19EAD3361E87716CCF956EA116"
"image\infoBg_5H_01.png","1135","2017-11-21","93DF9ABBE82CB86358549D7E69565BFFF8E7B47D7D1D15FDF5719CEA04EF98FF"
"image\infoBg_5H_02.png","1146","2026-02-05","0C9C757766D3F57D83559C9C913EADCEDFCD2D60E896BFF1038CF5A03C00E0BF"
"image\listBg_5H.png","1157","2026-02-05","68F5AEBE14FD13FA0F82E33C0871AE1B3E12E22559272BC60591ABA147D625D9"
"image\logo_5H.png","11003","2026-02-05","B73A9B41D75B28AED9E2C4B62ED1522AA9C6AF343D5FFCEFB58842C9CD7870DD"
"image\mainmenu_5H.png","1361","2026-02-05","6717F720C6B4823F707A00093192C7D99843AA2263735762AEE4FF473213D0DE"
"image\mainmenu_5H_on.png","1406","2026-02-05","90908B049203B1B4831C474E531AA707DDC456B60553265B06B0FE87458A00C6"
"image\point_5H.png","1237","2026-02-05","467C88193E566FDABE66040C1BB798B93C8AAE3A460A36E9A32FE67A0F0A9209"
"image\returnTop_5H.png","1209","2026-02-05","6D1160AA1F8E92850C077065C2CFFDF665E5D0CCF8C89D679E53696309CACBA2"
"image\rogo111.jpg","629","2013-06-29","519FE9B75DD4CAE7ED812392330E3020BE8F9CFDF665B06D0CE4E9A3CBD8149C"
"image\rogo12.jpg","9125","2026-02-05","BC6344D6AF9878FBD9BC32EC98A8DAE1EEC4EB30B3FB25F32C2F8E8CE9D43E98"
"image\titleBg_5H.png","95210","2026-02-05","55B5A239BBCC59C68E3D9AD2ACA8C4C5365EE6EA20D188779B981C6994473851"
"image\top_indexBg_5H.png","10900","2026-02-05","792ABCC0E3913D025EA07608B8830045463C6C73E0A0CCE1F6F1A796E0155851"
"image\top_mainimg_5H.png","167891","2026-02-05","39A2F288CB86009BB4DA3E3C4C11108C3EE7FB70E653D3CC1903E598880D4FC4"
"sp\111111.png","368656","2018-08-31","3154099C8382BDFEE48D638AC58BFFD64CC9460D0E03AA007C07E3B67882A666"
"sp\CA3J07942112112111112113111111112111112111111111111111111111111111111111111.jpg","26183","2018-09-24","213562C381D5A8392328C2843F14D656AA973397067283A587F96DCAD6153078"
"sp\CA3J08561111311.jpg","12368","2018-08-31","9DEC00DF6C2830A01D1190C8E5AE2946FF597352061150C1A1A6230654BE7D5A"
"sp\container_5H_2c_top.css","12111","2018-10-06","F468ABAD7BC97203CE9FA37C1B0DA86FAF6A793240967C012F81A12E67826C21"
"sp\hpbparts.css","17071","2018-08-31","CB8BCB88DB1A08F350EE4A4999D3ACF1F35CD1DF04259FB749BBC0A371CF538D"
"sp\IMG_028711111111.jpg","14225","2018-08-31","09D7C012E73ACED43112513538F26AFF5A1A6600C58BF3CEECB944896DB70EAB"
"sp\IMG_10231.jpg","24954","2018-08-31","37CFA0E38F7A50BF32CB3B456939D35C8EF444E6F73D4D49BDE97AAEBFE25270"
"sp\IMG_6156111.jpg","11977","2018-08-31","BDBA9AEEC837F7DC62D676B76103749F4FE5264E2E19129DA4C1314C41F82F2A"
"sp\IMG_99271.jpg","20429","2018-08-31","B36ECF687750E54F20BEBEF28B82951701D4FEE0056064D4D45E54F986B4FD6D"
"sp\index-test.html","19842","2018-09-24","FFA0809B787B9276DE6A974117FCD67268A9F1922695FB886165F02EAA26F5C4"
"sp\index.html","21477","2018-10-06","C3646E47C8C547AADEB2E62277F677C920A52F0791E85C984F76CA15AFB879E0"
"sp\keikan.png","156896","2018-08-31","EE04AB922CE1BB3C349401375881A7E9B5BDCE05D052642581F055CCA67D600F"
"sp\main_5H_2c.css","15139","2018-10-06","96CD1130EF8C0CDC53B7A1215B496EE603155CE2E19C503249BBC3E1C774A754"
"sp\reset.css","3009","2018-10-06","9DFD5CB76BFC6C8222EAE6203FD8946CB3B3A1DD8D58AE851F2C023E10B59F7E"
"sp\taiban.html","31144","2018-09-21","99C7C00698373D2F35D5033E744255F3905CE84C8F5EF55FB99BA42E4F0659DA"
"sp\user.css","9381","2018-10-06","EEB508715FB75C2DC15BF8F897E69359BE3BD0CB3B0BEFBE6839C7C89DE2268D"
"sp\image\banner_5H_01.png","32399","2018-08-31","623E8E672365C87BC5ED1830FB2996CA6A7CDBF8025C5D9C17C73C31C8E189A0"
"sp\image\banner_5H_03.png","15759","2018-08-31","586E9A35E294E671F35633E6CAD882AD339DCED2BA78436A64958A819628755D"
"sp\image\banner_5H_04.png","13614","2018-08-31","DE54329858EC464EABA8FD8FB5B8B91F055C2BF7939087D449C9047C40114661"
"sp\image\banner_5H_1.jpg","4955","2018-08-31","070AC9C658A09642125980CFA83D2F852A4568A71D021074A3F2E209E9BCFC6C"
"sp\image\banner_5H_2.jpg","3740","2018-08-31","C8C62994D519D30B4E57C1D9765F834F8F8667E486DED5B614B88DA8E03AE613"
"sp\image\banner_5H_22.png","30178","2018-08-31","40BE7D66653A334A2194BE34FC85003DF6A478931514ED247648CA923A39606B"
"sp\image\banner_5H_5.jpg","3896","2018-08-31","DDBCDEC372E33FA979D9A7E436BD53EC5FE1198C8FE152CA21EC9CC2A3171414"
"sp\image\fNav_5H.png","1878","2018-08-31","9511F3B9B4C29915025386D0B51E240A5E7ED0A1BDE4EB44C99AEFB0A925B277"
"sp\image\indexBg_5H.png","11200","2018-08-31","461F1DE9F0867982B643467E68EE7B4E06E9AC19EAD3361E87716CCF956EA116"
"sp\image\listBg_5H.png","1157","2018-08-31","68F5AEBE14FD13FA0F82E33C0871AE1B3E12E22559272BC60591ABA147D625D9"
"sp\image\returnTop_5H.png","1209","2018-08-31","6D1160AA1F8E92850C077065C2CFFDF665E5D0CCF8C89D679E53696309CACBA2"
"sp\image\rogo12.jpg","9125","2018-08-31","BC6344D6AF9878FBD9BC32EC98A8DAE1EEC4EB30B3FB25F32C2F8E8CE9D43E98"
"sp\image\titleBg_5H.png","95210","2018-08-31","55B5A239BBCC59C68E3D9AD2ACA8C4C5365EE6EA20D188779B981C6994473851"
"sp\image\top_indexBg_5H.png","10900","2018-08-31","792ABCC0E3913D025EA07608B8830045463C6C73E0A0CCE1F6F1A796E0155851"
"sp\js\swiper.js","614","2018-10-06","8D7403D81FA60B84D3EA5903EAD70497E6A4DCA2807C08D4A7A3FE64D6ECE847"
"sp\js\testcss.css","0","2018-10-06","E3B0C44298FC1C149AFBF4C8996FB92427AE41E4649B934CA495991B7852B855"
"sp\st-css\index_sp.css","2993","2018-10-06","FA1B0C20F38507F7928EC826116E2BCF29B85760016DFC0AB22F8BCAB3A9A749"
"sp\st-img\zk-img.png","11729","2018-08-31","4507FC5F200DA03B22C533FFB0B7D52E4889F94FA2876DDF3B3C28F9AFB2611F"
"sp\st_img\601459_258369124300583_430028278_n(1).jpg","12607","2018-09-24","71EC9F3C12A19593F18063323153F15BD83B974BE4BA7925945160AC777C36CD"
"sp\st_img\nancho_sect6_1.png","6026741","2018-10-06","04C738D08D6C15A1382ADD686403A2861643B8E1EAA6AC9987BD65C447811BEC"
"sp\st_img\zk-img.png","597493","2018-10-06","890D5DC405B193A2B438287FB80E99F4C251B3D0BE9A80541591EAD7D4F0A5F0"
"st_img\601459_258369124300583_430028278_n(1).jpg","12607","2026-02-05","71EC9F3C12A19593F18063323153F15BD83B974BE4BA7925945160AC777C36CD"
"st_img\footxt.png","7773","2018-09-10","5398FE9C748844048589467D378060FFFA9982683C99161EF13CA5940170E7A6"
"st_img\image01_01.png","830336","2018-09-27","E9E1645464377CCBC9D8691323DBF20F643A90114058F0E49385AD28E058DFB8"
"st_img\image02_04.png","204612","2018-09-27","449D7942170BCA0035DAA7B154F7AF99A27E811A655BFFAC8468B2454569F65C"
"st_img\uv_img_taiban1.jpg","192596","2018-09-10","0C307B54F9E78C17D137C9E98107F38806D1C07CBBADD5494C0CE7648C9B42A1"
"st_img\ä½Žç½®èƒŽç›¤.jpg","56406","2018-09-10","A603CC6CF93DCA15B931901BB1B2F618E0CA2924C68FBE60A5E754FC29017E1D"
"st_img\å…¨å‰ç½®èƒŽç›¤.jpg","56000","2018-09-11","AA36FA5554C60BD10E9C0BDCB05BC139721DAC0CF7B363E9EC9363977D50BAB3"
"st_img\æ­£å¸¸ä½ç½®èƒŽç›¤.jp.png","64051","2018-09-10","DA7DF00ED026E5606C0941789865CDC7A0C7C4AA5A26E2233E4C7C9C05AADB5B"
"st_img\æ­£å¸¸ä½ç½®èƒŽç›¤.jpg","54718","2018-09-10","38464D540FA01FD9B990CE854740F05EDBF663A3752314F115DF17B3BB2E436F"
"st_img\è¾ºç¸å‰ç½®èƒŽç›¤.jpg","56015","2018-09-10","0B2714D0FA9A585E10D2C7E44D7C93E6953AAFBEABF1F63B69CD4F06779092CD"
"st_img\éƒ¨åˆ†å‰ç½®èƒŽç›¤.jpg","56271","2018-09-10","99B7E0CCF476FA61AB75F6C30FA7DE18D184E9466047A643B576ABC12AAB10BE"
"st_img\images\media01.png","133415","2018-09-30","C335643A084DC62A9F03185D7BEF6A7E3A13791BB930CA347C914C9AF5885441"
"taiban20180827.html.bk_files\keikan.png","156896","2018-09-10","EE04AB922CE1BB3C349401375881A7E9B5BDCE05D052642581F055CCA67D600F"
